,reply,label,new
0,진짜 살다가 그럼게 조용한 이태원은 처음봤어.. 희생자도 안타깝고 이태원 사람들도 안타깝고..,1,1
1,이태원 상인분들 마음고생하시겠네요  힘내십시요다시한번 젊은 친구들 이제는 떠나고없지만 좋은곳에 행복하세요 ㅠ,1,1
2,당을 떠나서 제대로된 일꾼에게 한표를 던지세요!! 투표의 힘 그리고 무능력한 지도부의 대책들.. 골로 갑니다,1,1
3,없어야할.무허가.건축믈.몰려있는.상업구조.이런일이없도록.개편돼야,1,0
4,ㅋㅋㅋ 왤케 웃기냐 조선인들은 감정으로 움직이는 ㄹㅇ 팩트다,1,1
5,깊은 강물은 돌을 던져도 흐려지지 않습니다,1,1
6,모욕을 받고 발칵하는 사람은 작은 웅덩이에 불과합니다바로 윤정부입니다,1,1
7,투표 잘못한게 나에게 이렇게 돌아온다...대통령은 일 잘하는 사람을 뽑아야 됩니다!,1,1
8,핼로윈 근원지 미국은 아이들이 분장 하고 사탕 과자 얻으러 다니는 풍속 놀이 정돈데 어쩌다 한국에선 술 먹고 노래 하고 춤 추는 광란의 현장이 됐는지 이해 불가 합니다 어쨌든 고인들의 명복을 빌며 다시는 이런 사태가 재발 되지 않기를 바랍니다.....,1,1
9,투표의 결과입니다..힘드시겠지만 잘 견뎌서 이겨내세요!!,1,1
10,그 말은 이해된다이태원 참사라고 하면,1,1
11,갈때가더라도 이태원으로 몰려라~,1,1
12,"1,차 책임은 참사전 기동대가 참사장소에 1개중대도 배치되지 않은이유가 며칠전 윤석열,한동훈이 마약과의 전쟁을 선포하면서 경찰청은 할로윈축제날이 D-day였던거지 2,차 책임은 참사당시 112,119,경찰청,지자체,중재본등 총체적 무능한정부다고인의 명복을 빕니다 ㅡㅡㅡㅡㅡㅡㅡㅡㅡ",1,1
13,가슴 아프겟다 알겟으니 난 밥먹으로 갈께 ㅋㅋㅋㅋㅋㅋ,1,1
14,술집 사람들 인터뷰 한 것도 없는데 댓글들 보소.. 생계를 너무 가볍게 아나..,1,1
15,용산주민들 구청장상대로 주민소환해야하는거 아닌가요?,1,1
16,윤이 있는곳은 불행 뿐이군요,1,1
17,국가애도기간을 딱 정해놓고 상인들을 나몰라라하는 정부 뭔 애도기간이야 살 사람들은 살고 책임 회피하는 니들을 내리는게 최우선이다.,1,1
18,음악 크게 틀어또~~~~,1,0
19,용산인들 대단해 니들은 뽑은 구청장이잔아,1,0
20,니들  고정지출비 생각하면 눈물 나오다가도 정신 번쩍들지? ㅋㅋㅋ ㅅㅋ들아 좀 솔직해져 정의롭고 깨끗한척 그만하고 현실 앞에 다 무릎 꿇을 것들이,1,0
21,상인들 피해도 국가가 배상해야지,1,1
22,추모비를 세워라. 그게 돕는 길이다.,1,1
23,민주주의가 죽었다,1,1
24,그래서 참사 사고 터졌을때 가게 안으로 들어오게 했으면 사고 안터졌을거 아니냐 ㅉㅉㅉ 지들 밖에 모르고 못들어 오게 막은게 사고가 터진 원인이다 그러게 자기 밖에 모르는 이기심이 사고가 터진거다 니들의 그 이기심 한국인 국민성 및 시민의식 미개한 탓 결국 자업 자득이다 ㅉㅉ,1,0
25,구청장 서울시장 대통령... 악깡버아시죠?,1,1
26,섹뚜온더비치~,1,0
27,왜 경찰 잘못이고대통령이야,1,1
28,한나라의 경제를 바보에게 맡기면 국민은 그 댓가를 각오해야한다,1,1
29,투표잘합시다,1,1
30,삼가고인 명복밉니다 이태원 상가다망해야한다사람죽어가는 음악틀고 이게 탐욕 문제 망해도 싸,1,1
31,구청장 잘못 뽑은 용산구민.대통령 잘못 뽑은 대한국민.이제 6개월 지났는데...,1,1
32,잘뽑으라고요!,1,1
33,내색하지않을뿐 많은사람들이 아는거죠. 사고에 가장큰 도덕적 책임이 있는집단은 자치적으로 질서유지할생각없이 유흥객들 돈빨아먹는데만 관심있던 상인들이란걸.,1,0
34,저기 포스트잇부터 다 없애버려야 함 저런걸 정치적으로 이용하는 세력이 있어서 빨리 잊어버리고 일상생활 해야지 계속 상기해서 뭐한다고,1,1
35,누군가의 슬픔이 머문곳에서 어찌 기쁨을 즐길수 있겠습니까? ㅠㅠ,1,0
36,죽음의 무덤이 된 곳에가고싶은 생각이 들지..잘잘못을 떠나 힘들겠군요무어라 위로의 말씀을 드려야할지..  ㅠ,1,1
37,이태원 참사는 너무 마음이 아픕니다. 인근 상인들 또한 함께 마음 아파하셨고 고인의 명복을 빌고 있으신 만큼 상인들에게도 당장은 어렵더라도 다시 꼭 일어나길 응원합니다.. 이태원은 너무나도 좋은 곳이였습니다.,1,1
38,건전하고 건강한 문화 즐기기,1,1
39,분위기 무섭다,1,1
40,슬프지만 앞으로 이태원 상권이 다시 살아날 것 같지는 않습니다.,1,1
41,외국인들에게 이태원은 드라마 성지 였는데 지금은 엄청 무서운 곳 이라는 이미지가 되어버렸음,1,1
42,인싸님들아 너희가 말하는 감성의 기준이 뭐입니까. 이제 역사속에 시작이 사라질것 같다.,1,1
43,슬픔을 씯고 회복하길 바랍니다,1,1
44,"이제는 떠난사람 보내고 마음은 아프지만, 이태원 살리자",1,1
45,이태원 지역 낙인도 상인들에겐 삶의 터전 위협받는 또 하나의 트라우마. 마냥 슬퍼할 순 없다. '9.11 테러' 참사 아픔을 기억시키는 뉴욕 맨해튼 '그라운드 제로' 처럼 희생자 추모비~상권 연계 관광상품으로 세계인들을 추모 시키자..,1,1
46,죽은귀신이 산사람 잡네요어찌됐든 산사람은 살아야되는데 어려움겪는 상인들 위로의말씀 전합니다,1,1
47,상인도 책임이 있지,1,0
48,미안하지만 도로를다시 만드는거아니면 힘들거같다...전혀다른동네와 다른이름으로 새로해야될듯지금 상태는 참사장소와 그때생각이 계속나기때문에 트라우마가많을듯...,1,none
49,이태원 놀러가야긋다. 기다려,1,1
50,지금 저기서 웃고 떠들면서 술 한 잔 할 수 있는 사람이 얼마나 있을까,1,none
51,"저긴,, 너무 속상해서 한 3년은 못갈듯,, 생각나니깐",1,none
52,팔다리가 꺾인 억울한 150여명의 혼이 이태원 골목 곳곳을 돌고 있다.,1,1
53,안타깝네요 이곳에  다시 사람이 모이기는 힘들겠지요 이곳을 재개발하는 수밖에 없을겁니다 시에서 안전하고 평평하여 탁 트인 새거리로,1,0
54,이태원 ㅠㅡㅠㅡㅠ 휴... 그저 비극....ㅠㅡㅠㅡㅠㅡㅠㅡㅠ위로를 드릴수없어 죄송합니다...,1,1
55,지금 가면 미친놈들이라고 보도할거자나참사당한지 얼마됐다고 남일 같이 싹 잊었다면서!!!지금은 월드컵이고 모고 해결되지 않는상황이니 그냥 애도하는게 맞다!!,1,1
56,희생자도 안타깝지만이태원 상인들도 그럼 나라에서 지원 해줘야 하는게 아닌지?희생자 못지않게 힘든 사람들이 이태원 상인들 아닌가..,1,1
57,남들 눈 무서워서 못노는거야. 놀아봐 겁나 뭐라하지,1,1
58,"죽은자들 추모도 중요,  산사람들 살게 좀도와줘요..",1,1
59,왜 그때 개방 안해 줬나요?거기는 그냥 이사가는 게 좋을듯요,1,0
60,사고난 날 주위 상점 행태가 말이 안나왔었는데 벌받은거지,1,0
61,재난지역 선포했으니 지역 상권지원도 해주어야 하는거 아닐까요?,1,1
62,참사가아니라 무질서와 낮은 시민의식 때문에 생긴 사고다,1,none
63,자기들놀다죽은것 고인의 명복을빌겠지만 정치적으 하지마라 수많은 사람들이 그보다더억울하게 죽어간다,1,0
64,"이 사람들을  왜  지원해줘야  하는지  모르겠네돌아가신분과 유족분들 어떠한  상처의  치유도  받지 못했는데  이 사람들  입에서  힘들다는 말이 나오니  ,그러면  그냥  아! 내가  자본주의 사회에  살고  있구나 하고  생각하세요",1,0
65,참사전 상인들이 경찰들에게 대목인대 장사안된다고 제재하지말라고했다면서요?,1,0
66,유흥가 사라져서 좋네,1,0
67,생각보다 금방 잊혀져요 인간의본성을 따라 다시 이태원으로 찾아올것입니다 쏘리질러~~,1,1
68,"이태원은 코로나때 50프로 이상 상인들이 떠나빈가게 많았습니다.용산구 청년프로그램 지원등, 권리금 없는 가게들이 생기니 아이디어 있고건실한 청년분들이 이태원 상인이 되어보기 좋았습니다.상인분들 자기자리에서 열심히 메뉴 개발하고, 직원관리,포장  또는 오시는분들에게 최선을 다하고,거의 주말 매출로세금내고 이자내고 월급주고, 물건값결재 등 숨막히게 생활하는 소상공인들 입니다.국가와 용산구청상인들 한테 세금 꼬박 꼬박받아갔잖아요?천원짜리 음료수 하나에도 세금 다 받아가쟎아요.10만 인파 질서 통제 권한도 있쟎아요.이태원분들 코로나로 너무 힘든시기 보냈고,참사때  살아 있는 청년들에게 물주고,서서히 죽어가는 모습 보고 안타까워발 동동 구르다, 엉킨 실타래 풀리듯이한명씩 나오니,Cpr하고, 어떻게든 살려보려고 애쓰신 분들입니다.부모가 있고 자식이 있는분들이라면역지사지의 마음으로유족의 슬픔에 먼저 위로 해주시고 상인분들에게는 ' 수고 했다, 앞으로 잘될거다'  따뜻한 격려 해 주면 큰 힘이 될거라 생각듭니다.야박한 댓글을 보니 마음이 너무 시리고 아프네요.",1,1
69,법으로 할로원같은 축제못하게 법으로 막는게 제발방지 대책이지 특정 장소에 사람 우르르 모이면 다위험하지 안위험한곳이 어딨음출근길 지하철도 이태원보다 위험하다 다만 여기는 질서 잘지키고 이태원은 안지키는 사람이 많았고 그차이 일뿐이다.,1,1
70,이태원 동네주민들과 상인여러분들도 많이 힘드실거라봅니다.부디 마음의 병을 앓지않으셨으면 좋겠고빠르게 회복하길 바라겠습니다 아픔의 기억은 잊지않되 다시 사람들의 밝은 웃음소리로 떠들썩하고 안전한 이태원이 되길 희망합니다.,1,1
71,"그냥 모두가 안타깝고 마음이 아프네요..늘 활기차고 북쩍이던 곳이었는데 ..다들 기운 차리고 힘내셨으면. 모든 일상이 ,몸도 마음도 회복되시길 바래요..",1,1
72,추후에 시간이 지나고 사람들이 지금의 기억으로 그리움이남아 찾아올때 추모의공간과 함께 다시 희생자분들과 생존자분들이 참사가 일어나기전 즐기려고 했던 곳의 공간으로 천천히 같이 돌아가기를 바라겠습니다.,1,1
73,현재는 무엇보다 이태원 참사의 추모가 가장 중요하지만안타깝게 고인이 되신분들도 그날 거기에 몰린 많은 인파도 다들 이태원 문화를 사랑하는 사람들이었습니다.그 누구보다 마음아파하고 추모식에 앞장서서 도와주신 이태원 상인분들의 생계와 우리나라에서 독보적인 이색문화를 갖춘 이태원을 살리기 위해 어느정도 시간이 지나고나면 다시 젊은이들이 찾아줬으면 좋겠습니다.유족들과 상인들의 마음을 두번찢는 철없는 유언비어와 괴담을 인터넷 댓글에 퍼트려서 이태원을 혐오지역으로 만드는 일은 그만 멈춰주셨으면 좋겠네요,1,1
74,추모와 상인 모두 함께 마음 나누며 돕기를,1,1
75,상인분들과 이태원 주민분들 이번 사고로 인해 트라우마가 생겼지만 잘 이겨내서 행복하게 사셨으면 합니다 !,1,1
76,무조건 기억해야할 사건이지만 슬픈 곳으로 남지 않았으면 좋겠어요.,1,1
77,이태원에 살지는 않지만 예전에 근처에서 살면서 자주 놀러 갔는데원래는 그렇게 활기가 넘치던 곳이 이번 참사로 인해 이렇게 바뀌어 버리다니 마음이 너무 아프네요저도 이런데 그날 밤 그곳에 있으셨을 상인분들은 오죽할까요...상처가 얼마나 깊으실지 감히 상상할 수도 없지만 부디 힘내시고 잘 극복해 나가셨으면 좋겠네요,1,1
78,저분들이 무슨 죄가있습니까ㅜㅜ 아 가슴 아파요ㅜㅜ,1,1
79,사람은 힘든 기억은 초단위로 기억하게되어  괴로운 기억은 시간이 지나도 잊혀지지 않는 다는데 지우려해도 지워지지 않을 그 날의 기억에 얼마나 괴로우시겠어요. 지금은 많이 힘드시겠지만 시간이 약이라고 잘 극복해 나가시길 바랍니다.,1,1
80,너무 맘 아픕니다. 희생자도 상인도 모두 너무 아픈 시간들입니다.,1,1
81,자주가지도 않고 그자리에 있지도 않았는데도생각만하면 가슴이 저미고 속상합니다.모두 힘내세요.,1,1
82,"마음아프네요,.모두 힘냅시다 ㅠ",1,1
83,가슴이 먹먹하고 너무나도 슬픈 사건입니다 ㅠ.  세계적으로 이례적인 끔찍한 사건입니다..,1,1
84,크나큰 상실로 인해서 다들 아파하는 게 느껴지네요...무거운 마음을 견디며 생업을 이어나가야하는 상인분들 심정은 또 어떨까 싶습니다...저희가 일상의 모습을 어느 정도 회복해도 가슴 속에 간직한 희생자들을 위한 애도의 마음은 변치 않는 것이니까요. 너무 죄책감 가지지 않고 사셨으면 좋겠습니다 ㅠ,1,1
85,슬픕니다... 상인분들 힘내시길 바래요..ㅠ,1,1
86,진짜 얼마나 다들 힘들까ㅠ,1,1
87,상인분들 당시 상황을 가게 안에서 다 보셨을것같은데.. 평생 트라우마로 남을듯하네요ㅠㅠ,1,1
88,너무 마음이 너무 아프고억장이 무너지내요 ㅜㅜ기운 내고 힘내세요,1,1
89,뉴스로만 봐도 이리 가슴이 아프고 눈물이 나는데 ....직접 보신 분들의 마음은 어떨지 감히 짐작 할수가 없네요 생각만 해도 눈물이 납니다 얼굴만 간신히 내밀고 살려달라고 외치는 모습도 자꾸 떠오르고 ㅠㅠㅠㅠ .,1,1
90,참... 가슴아프고... 힘든일이 아닐수 없다. 하....ㅜ.ㅜ;,1,1
91,"슬프죠 자기 가족, 연인, 친구가 갑자기 저런 비극적인 일로 갔다고 생각해 보세요. 진짜 슬플 것 같아요 ㅠㅠ",1,1
92,오늘 지인 데리러 강변북로에서 보광동 언덕길 올라 가는데 그 때부터 가슴이 먹먹하고 눈시울이 붉어졌다. 지인도 너무 가슴 아프다고 하고. 해밀턴 호텔 앞 지나 갈 땐 정말 가슴이 미어지는 것 같았다. 너무 가슴 아프다.,1,1
93,이런 가슴아픈 참사가 있어도.. 가서 즐길분들은 또 어떻게든 갈겁니다.. 그게 사실이지요.. 그 사실에 가슴이 더 아프네요..,1,1
94,그냥 다 안타깝고 상인이나 그 곳을 찾은 사람들의 잘못은 아니에요 힘내세요,1,1
95,하...슬프다ㅠㅠㅠㅠㅠㅠ,1,1
96,?? 고인의 명복을 빕니다 하늘나라에서는 편안히 **,1,1
97,고인의 명복을 빕니다 찢어진 마음은 이루 말할 수 없으시리라 생각합니다. 감히 힘내시라는 말씀을 드릴 수 없을 것 같습니다. 깊은 위로의 말씀을 드립니다.,1,1
98,우리 같이 슬픔을 함께 하고 위로하고 기도하게요,1,1
99,"내고향 이태원, 언제나 보면 반가운 동네풍경이고, 사진으로도 가지고 다니면서 가끔 꺼내보곤 합니다. 그 꿈에도 그리는 그 반가운 고향이, 어릴적 뛰어놀던 그 골목이 요즘 티브이나 매체에서 하루에도 수십번씩 나오지만 이제는 전혀 반갑지가 않네요. 너무 가슴이 아픕니다.",1,1
100,"이게 참..매년 있었던 행사였고,회를 거듭 할 수록 커졌던 행사여서꾸준한 관리가 있던 곳이었는데..일어나지 않아도 될 일이선택의 잘못으로 인해뼈아픈 역사가 됐어.",1,1
101,슬프다 ㅜㅜ,1,1
102,회복해야겠죠 이런일이 다시 안일어나게 하는것이 목적인거죠...,1,1
103,지키는 경찰관님들도 고생 많으세요 다들 힘내세요,1,1
104,인생이란 건 누군가에게 의존하면안된다.... 원하지않는 데 다수를 따라갈 필요도없고 자기가 느낀대로 움직이는 게 낫다...국가에 원하는것도 없고 기대도없음 뭘 하려거든 여러가지 변수를 항상 생각해놓는 게 편하다....,1,1
105,힘내세요ㅜ,1,1
106,"이태원은 지방사람들에게는 몰라도 적어도 서울 본토분들에게는 추억이고 낭만이며 문화가 있는 곳이고 , 한국정착하는 외국인에게는 그들의 번화가이자. 정착생활하는데 아주큰 도움을주는 동네임. 삶의터전이고 힘이되는곳이고 . 그냥 노는곳으로 분류되는곳 그이상임. 다시는 이런일이 일어나지않길 바랍니다 .서울에 인구가많아서 어디가든 사람이 많은데 .양보하고 질서정연한 사회로 발돋움하는 사회가 되길바랍니다 .",1,1
107,상인들 너무 안타깝다……,1,1
108,힘내세요   국가보다  국민이 응원합니다,1,1
109,힘들고 어렵지만 우리는 내일을 향해서 가야합니다.,1,1
110,"이태원 바로 옆동네에서 40년 넘게 살았지만 저기는 좀 정화되어야 할곳입니다. 이 기회에 좀더 건전하게 정화되어, 우리 젊은이들이 안전하게 즐길수 있는 공간이 되기를 바래봅니다.",1,0
111,볼때마다 안타깝고 슬프네요.불법 증축한 주변 상가 건물 및 호텔들 반드시 처벌해주세요. 몇년간 벌금만 억단위로 내고 쌩까고 있던데 더이상은 안됩니다.,1,0
112,이태원 정말 저 거리를 다시 지나갈수있을까싶어요.애들이 생각날것만같아서 갈수가있을려나 싶음,1,1
113,상인분들도 위로의 말씀 드립니다,1,1
114,슬픔을 애도하고 보내드리는 마음이 중요한데이 슬픔을 정치적으로 이용하는 세력들이 가만있지를 않지...,1,1
115,상인분들도 트라우마가 크실테고.. 시간이 지나면 슬픔은 자연스레 조금씩 옅어지겠지만 애써 이겨내고 다시 일상을 살아보려 해도 상권이 다시 살아야 할텐데... 추모의 공간인 동시에 또다른 삶의 터전인데 걱정입니다 ㅜ 다시 이태원이 잘 회복되길 바라요..,1,1
116,코로나 집단감염으로 고생하신 상인분들이너무나도 많았는데 이번 참사로 또... ㅠㅠ이태원역 1번 출구에서 희생자분들을 위해기도와 묵념을 하고 왔는데 그 당시 이태원은사람 많던 이태원이 맞나 싶었습니다.. ㅠㅠ다시 한 번 희생자분들의 고인의 명복을 빌고사고 장소 근처에 있으셨던 분들 이태원에서장사하시는 상인분들 모두가 힘들겠지만이 힘든 상황을 극복해 나갔으면 좋겠습니다,1,1
117,상인분들 힘내세요,1,1
118,마음이 아파서 이태원을 못가고 다들 홍대로 오십니다..,1,1
119,마음이 너무 아파서 이태원 가는게 주저됩니다,1,1
120,방금전 이태원과 녹사평 조문 다녀왔는데현장은 아직 통제가 되고있고 호텔 뒷쪽은 고요하더군요 마치 시간이 멈춘듯한 느낌이 드네요,1,1
121,그래도 산 사람은 살아야지,1,1
122,ㅜㅜ 이태원 갔었는데 전부 비통하신게 느껴졌어요..,1,1
123,당신들 잘못이 아닙니다힘내세요,1,1
124,우리에게 왜 이런일이 연이어 ㅜㅜ,1,1
125,다녀왔는데 ... 너무 슬퍼요 ... 상인분들이 무슨 잘못이겠습니까 .... 코로나에 ... 대참사에 ... ㅜㅜ,1,1
126,"+ 늦가을 높은 하늘에 하얀 국화가 뒤덮고, 향화 연기는 눈물되어 하늘 높이 피어 오른다. 국민 누구는 피눈물을 흘리고, 누구는 붉은 심장이 갈기갈기 찢기고, 누구는 눈물이 말라, 눈물이 흘려지지 않는 다고 한다. ""국가의 의무는 국민의 편안함을 지켜주는 것이 최우선이 이다.""국가는 국민들의 편안함을 외면하고 지켜주지 않았다. 국민의 안위를 지켜주는 나라가 아니었다. 세상 어디를 가도 국민이 없는 나라는 없다. 국민이 있어 나라가 생성되어 나라가 존재할 수 있다. 대한민국에는 나라가 없다. 권력을 탐하는 무속 독재 무능한 통수권과 졸개들 정치인만 있다.향화(香火)를 높이 들어 삼가 고인의 명복을 빕니다.",1,1
127,정말 저분들이 무슨 죄인가.. 위로는 저 분들에게 해야될 상황이 돼버렸구나..,1,1
128,"시신이 들것에 계속해서 실려나오는데 힙합과 클럽음악에 맞추에 런웨이하듯이 나르던 장면은, 내가 본 가장 괴기한 장면중 하나였음.. 누군가 갑자기 도움이 필요한 상황이 닥쳤을때 예민하게 주의를 기울일 수 있는 사회가 되기를..",1,1
129,이제 그냥 다 잊고 새로 시작해야합니다. 살사람은 살아야지요걱정하지마세요 이태원상인분들 본인 할일 열심히 잘하시고 계신겁니다.,1,1
130,항상  부끄럼은 국민들이고 피해자도 국민들이  가져가야 하는 짐ㆍㆍ 넘 처참합니다,1,1
131,코로나로 고생하셨는데 참사로 더 힘드시겠지만 견뎌내실꺼라고 믿습니다.,1,1
132,여러모로 비극..ㅜㅜ,1,1
133,유가족삼가고인명복빕니다 ~♡♡,1,1
134,저 거리는 정말.. 대책이 필요하다...,1,1
135,슬픔은 감정을 가진 인간이면 다 가질것이다. 마음속으로 묵묵히 책임질 사람은 지고 징계받고 근처 상인의 삶도 유지되야하니 일상복귀는 해야지...,1,1
136,이게 다른 의미의 2차 가해 아닐까...안타깝고 슬프지만 전 국민이 빨리  훌훌 털고 다시 일어났으면 좋겠다,1,1
137,이 상황에서도 어떤 분들은 그러게 그곳을 왜 갔냐 머하러 갔냐 왜 갔냐 하시는분들도 많겠죠 누가 이런 사고가 날 줄 알았겠습니까 힘들고 지친하루에 할로윈때 놀고 싶은 또래들 오빠 언니들 친구들 동생들 저또한 힘이들면 놀고 싶고 스트레스 풀고 싶은 나이인데 얼마나 힘들었을까 보는내내 기사를 보고 아무리 봐도 너무 마음이 아프네요 부디 그곳에서는 행복하게 보냈으면 좋겠습니다 고인의 명복을 빕니다.,1,1
138,그래도 상인분들에게는 생계를 이을 수 있는 곳이니까... 다들 충분한 추모의 시간 가지면서도 마음의 회복 잘 하시고 다시 재개하시길 바랄게요,1,1
139,사고가 너무 충격적이라... 잊기힘들죠...영상으로접한사람들도 힘들어하는데 그자리에서 직접봤고 출근해야하니 더 잊기힘들거구요...그렇다고 현실을 생각하지않을수도없고...ㅜㅜ충분히슬퍼하고...다시 일어나셨으면 좋겠어요 ..,1,1
141,꽃 나누어 주시는분 생각이 예쁩니다.,1,1
142,슬픈건 알겠지만~살사람은 살아야죠..더욱더 열심히 장사 하시고 사세요~,1,1
143,마음아픈일이지만 산사람은 살아야지,1,1
144,월세도  비쌀텐데  ㅠㅠ 산사람들은  살아가야하는데  안타깝네요,1,1
145,상인여러분… 서울 안에서 특별한 추억을 만들어주는 몇 안되는 지역인거 잘 압니다…오늘도 이태원 추모다녀갔지만 먹먹한 마음에 바로 발길 돌렸었는데조만간 가게로 찾아가겠습니다,1,1
146,그래도 외국인들하고 미군장병들이 올테니까~ 너무 낙심하지마세요~ 이태원에 마가꼇나... 코로나도 제대로 직통으로 맞고.. 이번에더한 것도 정통으로 맞고..힘내세요들~,1,1
147,피해당하신분들도 마음아프지만코로나와 물가상승으로 인해 많이 힘드셧을텐데저분들은 무슨피해냐ㅜ이래저래 참 속상하네ㅜ,1,1
148,이태원은 언덕이라 사람모이면 안되는곳임 이태원같은 언덕동네는 법으로 사람모이지 못하게 해야지 앞으로도 계속일어날거임,1,1
149,막을수있었던 참사였지만 다들 어렸던 학생들에게 잘못있다고 시선돌리고 정작 파헤쳐보니 그지역 경찰과 그지역에만 가게 여러개 운영하던 사장과 밀착이있어서 돈주고 단속무마하고,1,0
150,미리알려주고 그랬었던거였죠 그이후의 참사들도 보면 결국은 부실 비리 안전무시 책임회피 꼬리자르기로 이어지게 되는걸 수없이 봤습니다.,1,1
151,가장 가까운 대형참사인 세월호도 결국은 따지고보면 배가 기울었다 복원될수없었던 큰 이유중하나인 선박에 불법증측이 있었죠 그걸 눈감아주고 허가해준 공무원들이있었고 항상 참사의 원인은 안전에대한 소홀인데 그걸 관리하고 다듬어야하는 시스템인 공무원 시 정부가 제역활을 못했을때 참사는 늘 발생했습니다.그 피해자는 항상 시민들이였구요. 그렇게 대형참사들을 파고 파다보면 결국은 공무원 시 정부 이렇게 연결 될수밖에없는 구조입니다..관리와 안전을 무시하는 행정으로 비롯되서 대부분 그끝은 시민들의 참사로 이어지죠...,1,1
152,이태원이라는곳은 비단 국내만이 아닌 외국인들도 많이 찾는 외국과 한국인들과의 문화교류의 공간이기도한데 많은 외국사망자가 나왔고 보도되었고 외국에서 보는,1,1
153,우리나라의 안전의식에 아마....앞으로 많이들 부정적으로 보게되지않을까 생각합니다...,1,1
154,국내 안에서는 두말할것도 없겠죠...슬프고 안타깝지만 가까운시간안에는 회복되기 힘들지않을까 ....생각합니다.,1,1
155,높은자리일수록 직책에 맞는 책임이 따르고 시민들이 안전하게 문화와 여가를 즐길수있는,1,1
156,안전망이 제대로 구축되고 과거의 사고들에서 똑같은 문제로 똑같은 참사가 더 발생하지않게 국가가 책임과 안전에 제대로 매듭을 지어야,1,1
157,이런 비극적인 참사가 더 발생하지않도록 하는게 아닐까 생각합니다.,1,1
158,이 참에 재개발하지 않을까란 생각이 들었음,1,0
159,청공이 소원대로 되지 않도록 더 자주 찾아가야겠습니다.,1,1
160,오히려 찾아가줘서 상권 회복 시켜주는 분위기 됐으면 좋겠네요,1,1
161,참사 당일 상가들은 경찰관들 지시한대로 상가를 일찍 문을 닫았다면 이번 참사는 일어나지 않았을텐데 아쉽습니다.,1,1
162,이제 코로나 영향으로부터 벗어났는데 .. 더 힘든 상황이 생겨버린듯 먹먹하네요 참,1,1
163,슬픔은 슬픔이고 살아야 될 사람은 살아야죠.다시 활기찬 거리가 되리라 믿습니다 ㅜㅜ,1,1
164,상인들도 살아야하는데 참..,1,1
165,그래도 산사람들은 살아야하는데 너무 대형참사라 충격이 오래갈듯하다..,1,1
166,그래도 살아야지요..산사람은 살아야지요. 돌아가신분들은 안타깝지만 너무도 침통하고 마음이 찢어지지만...저분들의 잘못이 뭐가 있겠습니까??,1,1
167,이태원을 참 좋아했습니다. 다른 시내들과는 좋은쪽으로 다른것들이 너무 많았거든요.떠나간 사람들과 남아있는 가족지인분들 그리고 현장 주변 상인들의 마음을 어찌 다 헤아리겠습니까.도움이 되지 못해 죄송합니다.,1,1
168,지금 사회 분위기가 너무 서로 잘잘못을 따지고 있기 때문이라 생각함 애도기간? 그래 필요할 수 있어 근데 아직 사건 정리도 안된 시점에서 햐여할 일이었을까? 과연 이 사건으로 피해를 본 사람들이 안타까운 죽음을 맞이한 사람들 뿐일까? 아무도 예상하지 못한 사건이었고 사회 모두가 안일하게 생각한 문제에서 발생한 사고라면 그 원인을 먼저 해결한 후에 애도기간이든 위로금이든 했어야 되는거 아닌가? 더이상 이런 사고가 안일어나게 다음부터는 이런이런 방식으로 행사를 진행하겠다 이런 정보가 먼저 사람들 귀에 눈에 들어와야 되는거 아니냐고 저 사람들 너무 안타깝고 불쌍한 것도 사실이지만 한편으로는 저렇게 사고를 만든 사람들도 참 불쌍하고 안쓰러움과 동시에 저 공간에 같이 있으면서 서로 배려없는 행동으로 일어난 사고란 생각에 화도남 그리고 죄악감에 살아갈 사건 당시 사람들만 불쌍한 사회분위기를 만들어 가는게 좃같음,1,1
169,미디어로만 보고도 난 일주일간 사는게 허무하고 우울해서  내가 이러다 죽는거 아닌가 하는상태였는대 직접 겪은 사람들은 얼마나 트라우마가 심할까.......,1,1
170,남의일이아니고 곧 내일이다.젊은 청년들의 죽음을 절대 잊지 말아야 한다.,1,1
171,장사하는분들은얼마나힘드시겠어요 넘마음이아프네요 어여 회복하시길 바래요,1,1
172,조금만   견뎌주세요  국민들이 추스리고나면 꽃같은 젊은이들을 잊지않기위해서라도 이태윈을 사랑할것입니다,1,1
173,저는이별하는게다무너지고있는게이거도이별한것같네요힘들고또힘듭니다삼가고인의명복을빕니다,1,1
174,너무 걱정하시지마세요. 곧 언제 그랬냐는 듯 손님들 올거에요. 언론과 정치인들만 제발 가만히 있으면.,1,1
175,가득이나어려운경기분식집하는저같은장사입장으로맘아픕니다잘이겨내시길바랍니다,1,1
176,어떡해요할수없죠ㅠ가면기억이되살아날테니ㅠ,1,1
177,아직은 맘이 아프고 슬픈장소지만희생자분들도 그곳이 죽은도시가 되길 원치않을거에요.추모와 젊음의 문화가 공존하는 지역이 되길 바랍니다,1,1
178,상인분들은 아무 잘못없어요 그냥 장사 하시던대로 하세요 ㅠㅠ 그리고 찾아가야죠참사는 이미 일어났지만 그로 인해서 아무 죄 없는 상인분들 마저 이제 막 장사가 잘되기 시작했는데 피해받으시면 안되죠하시던대로 꼭 장사 하시고 너무 맘 쓰지 마셨으면 합니다 일어난 일은 이미 일어난거고 먹고 살아가야할 사람들은 또 열심히 살아가야합니다 모두 빠이팅,1,1
179,세월호때도 진도로 여행하는 사람이 사라졌었는데,1,1
180,상인들도 트라우마 치료받개해주새요...,1,1
181,천하제일 슬픔대회 ㄷ,1,0
182,내년부터 각각지역들은 할로윈행사를 법으로 없애야 합니다!사람일은 모릅니다사람이 많이 모이는 공간은 항상 위험이 따릅니다.자신의 몸은 자기가 지켜야 합니다나라서 절대로 책임 안집니다.한해지나면 잊혀지는게 사람입니다.옆에 있는 가족들이 많이 힘들으실 거예요ㅜㅜ,1,1
183,이태원 주민분들 및 상인분들 많이 힘드실텐데 역경 잘 이겨내셨으면 좋겠습니다.,1,1
184,상인들도 참 맘 고생이 심하겠네요코로나로 고통 받다가 이제야 쫌 되는가 싶었을텐데,1,1
185,이게 얼마나 갈까요? 금방 잊어버리는 게 인간이죠. 길어도 크리스마스(12월25일)를 넘기지 못할 거라고 예상합니다.,1,1
186,"이 아픔들을 어떻게 할꺼나. 앞으로는 투표 잘 합시다. 혈연, 지연, 학연, 이권 등 다 빼고 정말 제대로 투표 합시다.",1,1
187,우리가 지금부터 상인분들께 도움을 줄 수 있는 일...이태원 가게와 식당을 자주 찾아가는 것 뿐입니다.,1,1
188,이럴때일수록 이태원을 찾아줘서 저분들도 위로해줘야 할것 같아요. 그게 우리가 서로를 위하는 마음이 아닐까합니다.,1,1
189,슬픔이 증오로 바뀔거다,1,1
190,정말 너무 가슴이 아파서 해외에 살지만 일할때도 생각이 나 눈물이 납니다. 시간을 돌릴수만 있다면.. 높으신 어느 누구 한사람만이라도 미리 조치를 해 주었더라면.. 너무나도 안타깝습니다... 진심 고인들의 명복을 빌고 이태원 상인 여러분들도 힘내시기 바랍니다.,1,1
191,"박희영 구청장, “구의원” 시절 핼러윈“축제”는 구에서 지원해야 한다 주장했습니다. 구청장의 무능력을 규탄하고 구청장을 사퇴하도록 해야 합니다. 그것이 이태원 상권의 상처 회복의 시작입니다. 그다음은 코로나때 자영업자의 고통을 외면하고 53조 추가세수를 숨겨둔 기만적인 기획재정부를 규탄합시다.",1,1
192,예전에 동인천이 엄청 메카 였던 시절 있었는데 청소년 화재 사건 크게 나고 나서 상권 완전히 무너진적 있었음.. 어떻게 아무리 그래도 그렇지 상권자체가 통째로 날아가버리나 했는데 설마 이태원이 그렇게 되려나. 근데 이제 할로윈이란 단어 앞에 해피라는 단어도 못붙일거같고 ..그 시즌 이태원은 정말 못갈듯 하고.. 생각보다 미치는 영향이 크네요,1,1
193,정말저주받은곳같네  옛날부터사건사고가많이나는곳으로알고있다 더이상저런곳에는폐쇄되어야함,1,1
194,무질서가 초래한 결과.. 정말 안타깝다,1,1
195,언제까지 슬퍼만 한건지 참... 슬픔과 공감을 강요하는 사회 분위기도 문제다 문제,1,1
196,"1029 참사의 주범윤석열과 이상민, 한동훈을 단죄함이 진정한 추모요진정한 진상규명 이다.잊지말자!애들 밥이라도 먹여 보내야 할것 아니야! 그 외침을",1,1
197,단언컨데 쥐포는 세상에서 가장 맛있는 음식일 것입니다.,1,none
198,"확실한 진상규명으로 진정한애도가 있길바란다  빠르면 빠를수록 회복에 도움이될것이다  10.29참사로 바꿔부르기로 시민들이 적극참여하길바란다  지역에대한 거부감과 두려움, 참혹함에서 벗어나지길 기원하며  서로가 위로하고 위로받는 따뜻한 년말이 되길바란다",1,1
199,"다들... 공감 능력이 진짜 ~ 놀라울 정도야...안타깝고, 슬픈 마음은 이해하지만,",1,0
200,피해를 당하게되신 자영업사장님들께는 죄송한말씀입니다만 이태원부지는 미군의 평택이전과 여러이유로 이제는 국유화하여 공원부지나 치유를 위한 공간조성을 하는것이 맞다고 생각합니다.. 이를계기로 아프거나 불안장애가 있으신분들을 위해 치유의 공간으로 만드는게 망자에게도 뜻깊은 일이 아닐까 싶습니다.,1,1
201,이태원은 죽은 영혼들이 구천에 떠도는 자리다 49제 지나야 한다,1,1
202,마 이태원을 싹다밀고 추모공원 만들고 희생자분들은 현충원 안장 해야합니다 ㅠ 마음이 너무 아프네요 ㅠ 삼가 고인이 명복을 빕니다,1,none
203,순국선열의 성지 이태원곧 시즌2로 찿아 뵙겠습니다 -대한민국 애국보수 어르신들 일동,1,none
204,이태원이 빨리 활기를 되찾기를 바랍니다. 이태원이 안전하게 재정비 되서 상인들과 우리 모두가 아픔을 이겨낼수 있기를,1,1
205,산 사람은 살아야지요,1,1
206,대한민국에서 가장 무섭고 끔찍하고 혐오스러운 말...,1,1
207,"[윤석열, 아직도 6개월이 안됐다.]",1,1
208,앞으로 얼마나 많은 절망이 기다리고 있을까....,1,1
209,나는 무섭다.,1,1
210,악취를 느낄 수 없게 된다.] 둔감해질 내가 무섭다.,1,1
211,추모와 상인 모두 함께 마음 나누며 돕기를,1,1
212,무슨 말을 어떻게 해야할지 모르곘어요. 살면서 이런 무기력함과 슬픔은 처음입니다.,1,1
213,누가 가겠냐 그참사에 억울한 영혼들이 아직도 해매고있을듯......,1,0
214,지금 모두가 슬프고  살아갈일이 막막할텐데..  용산 관저로 들어가는 굥+명신이만 신나겠구나.,1,1
215,"우리 국민들이 먼저, ""감사합니다, 또 올게요"" 라고 하면 어떨까요?이태원 참사보다는 10.29 참사라고 명명하는 것도 중요하다고 생각합니다..! 상인분들 힘내세요!!!",1,1
216,좀더 세밀 하고 돌봐주세요...,1,1
217,'할로윈 원정대' 에 참여하여'메이드복' 이라는 갑옷을 입고'헌팅' 이라는 하나의 목적을 달성하기위해'소주' 를 마시는것도 불사하며'이태원 프로스트' 라는 불구덩이로 뛰어들어가장렬히 전사하신 156명의 국가유공자분들께 대단히 유감을 표합니다.,1,1
218,"살 사람은 살아야죠,,,,",1,1
219,일상으로 돌아가야죠 슬픔응 딪고,1,1
220,한달뒤..크리스마스되면..또 다 잊고...미친듯이 몰려들겟지......,1,1
221,시간이 약이고 돌아감 사람은 다 제자리로 돌아간다..단시 시선이 신경 쓰일뿐..삶이 그런거다,1,1
222,"1029참사로명칭을바꿔야할것같아요~~돌아가신희생자분들도기려야하지만,상인분들도생계가있으니..에효~~애먼국민들만희생을했군요ㅠㅠ",1,1
223,무서워서 밤에는 못갈듯…..,1,1
224,참사사고 나도 이태원서 내년 할로윈 할게 보인다,1,1
225,상인들.. ㄷ,1,1
226,그...압사의...공포를...느끼면서...엄청난 공포와 두려움에 떨면서고통스럽게 죽은 20대들이...참 불쌍하다..그...7~8톤에 가까운 무게에 깔려서다발성 장기부전으로 서서히...고통을 느끼면서..죽어간 20대들이..참 불쌍하고 안쓰럽다...꽃이 필 나이인데.. 꽃이 시들어져서 떨어져버렸네....,1,1
227,인터뷰 하는분들 다 울먹거리네,1,1
228,다 잊어버리고 다시 갈걸요 분명,1,1
229,지방사람은 서울어디든 번화가..,1,1
230,이 분들도 피해자인데….,1,1
231,다시 원상 복귀 될 것 입니다. 또 와달라고 해야 합니다. 저도 작년 올해 다 갔는데 올해는 베트남 음식점에서 소고기 볶음밥 먹고 왔습니다. 내년에 할로윈 데이에 또 갈것 입니다. 홍석천 님 가게들은 다 다른 곳으로 옮겨서 이젠 없겠죠.,1,1
232,난 이태원 이제 못갈듯  큰사고 나서 가면 생각날꺼같음,1,1
233,모든이태원 가게가 문열어줬으면.. 덜 죽지 읺았을까..,1,0
234,내국인이나 외국인이나 내년 부터 할로윈에는 못 갈듯...?,1,1
235,아무도 책임 안질려는 지금 대한민국 책임자들 현실에 그냥 헛웃음만 나올뿐입니다.,1,1
236,"그저  먹먹 합니다.... 다들,   디딤고  일어나야  할텐데..  일상 보다 , 좀 더 쉬다   ..... 대한민국에서   가장  활발한  도시 였는데,  우리나라가  자꾸  모래성  같이 모퉁이 부터 부서지는   느낌....  각자 도생이  진실이  아니기를 바랬는데.....",1,1
237,용산경찰서장 그리고 또 누군가가   있다  유튜브 보면 작전 하던데 그건 왜 보도안해  이 나쁜 언론 들아,1,1
238,이태원 상권을 싹밀고 추모공원을 만들자상인들도 마음아파 오픈을 못하겠다니,1,1
239,더와서 팔아주세요라는말로 들리는데,1,0
240,선택을 했고 그 선택을 후회하지마라2찍들아 미안하고 죄송한게없는 2찍들 오늘 어쩌다 2찍 지인들이랑 한잔했다 욕나오는거 참았다 최소한  1찍은 미안하고 죄송해한다,1,1
241,인구 혼잡 우려 지구는 우측통행 또는 일방통행을 상시 의무화해서 통제인력배치가 여의치않은 상황이더라도 사전에 혼잡을 최소화하는 도시정책이 준비되어 있어야 합니다. 이번 참사의 경우도 평소보다 많은 인파가 몰렸고 초행자도 증가했을 가능성이 있어 초행자여도 숙지가 용이하고 통행자 전체가 공유할 수 있는 통행규칙 운용과 안전인력이 필요했습니다. 책임자 사법처리 등 사후조처가 미흡해서도 안되며 특정지역 특정행사 특정일자에 국한되지 않고 예방 가능한 관련 임법 검토가 필요하다고 생각됩니다.,1,1
242,연평도 포격사건때 군인 죽었을때 이렇게좀 해주지,1,1
243,이태원 주민분과 상점 주인분들은 죄가 없습니다. 당당히 가슴을피고 장사하세요 여러분도 생계가 있는데 그래도 살아야지요,1,1
244,"삭발피바다눈물바다,장발꽃바다웃음바다",1,1
245,내년에도 갈사람은가요 코스프레옷입고 걱정하지마십쇼,1,1
246,추모공원이라도만들면 안되나지나갈때마다 생각날꺼 같은데영혼들의 좋은곳으로 가기를,1,1
247,안타깝지만 이번 사고는간 사람들 책임도 무시할순없네욘,1,1
248,"이번 이태원 참사가 국민들에게 큰 고통과 상처를 일으킨 원인중 하나는 분명 가슴속 깊이 묻어두었던 세월호때의 트라우마가 다시 상기되었기때문인 영향도 크다고 봅니다..저도 개인적으론 그럈으니까요. 하필이면 지금 이태원참사로 사망한 고인들 나잇대가 세월호때 고등학생이었던 딱 그 세대입니다. 그때도 정부가 제때 나서서 아이들을 구해주지 못했는데 이번에도 또 정부가 10,20대 청소년과 청년들을 보호해주지 못했습니다. 아마 세월호처럼 이태원참사도 우리사회에 깊고 큰 상처와 투라우마를 남길거라고 봅니다. 저도 지난 1주일 동안 아무것도 손에 잡히지 않고 아무것도 못하겠더라구요. 뭘해도 집중이 안되고 아무 이유도없이 눈물이 나고..유족들의 아픔에 비하면 아무것도 아닐텐데도 꽤 힘들고 슬펐습니다부디 이번만큼은 귝민들이 힘을 합쳐서 정부를 압박해 진상규명이 제대로 이루어질수 있도록 노력해야하고 국내외유족들을 도울수 있는 방법을 모색해야한다고 봅니다. 유족분들을 우리사회가 안아줘야한다고 봅니다",1,1
249,또 오세요,1,1
250,또오세요,1,1
251,유튜브에서   (법영상 연구소 )  쳐보세요충격적입니다,1,1
252,꽃집 사장님개꿀이네,1,none
253,압사ㄴㄴ 즐겁게 놀자~,1,1
254,명박을비빔니다,1,none
255,감성감성감성,1,1
256,대한사람들은 한번각이하면 망각하기 일상이던데,1,1
257,그사람들은 살아있잖아 취재할게 없니?,1,1
258,킹치만 불법 가건물과 노점은 잽싸게 다시 설치해놨지 ㅋㅋ,1,0
259,근데 난 조금 이해안돼는게 그거랑 무슨상관인가,1,0
260,너무 안타깝네요,1,1
261,Who will want to walk the earth where they died? Tear it up and replace it with commemoratives flowers and trees that will grow and bloom. It is no longer the Itaewon of before it is a graveyard.,1,1
262,"경찰이 협조 요청 했을때는 니네들이 뭔데 그러냐는 식이었다면서,이제와서 감성팔이 죽여요 아주갔던 놈들도 마찬가지옆에서 구경하고 춤추고",1,1
263,과연 이게 얼마나갈까… 월드컵지나고 크리스마스 지나고 연말지나면 이또한 지나갈것이다,1,1
264,주민들과달리 자잘못의 무게추만   저울질하는 인간들이 있으니,1,1
265,그런말 할필요가 있나요?  참사 다음날 홍대난리도 아니엿는데   남이죽거나말거나 자신들만 생각하는 인간들 천지임,1,1
266,누가 댓글란 외국인 분탕들 좀 내쫓아라;;,1,1
267,이태원 당분간 안가는것이 .... 그곳에 가서   그많은  안타까운  영혼들이  생각날수밖에 없지않은가  상인들도  당분간  어려움 겪을듯,1,1
268,슬프다  한사람의 욕심에 나라를 침통에 빠뜨리고 한사람의 말한마디가 경제를 파탄으로 몰았다,1,1
269,이태원 참사 대박 특검 해야지,1,1
270,저들은 희생자가 아니며 사고자입니다. 다 큰 성인들인데 저희가 미안하다 어쩌다 할 필요도 없습니다. 물놀이가서 죽으면 저희가 미안합니까? 비 많이와서 산사태나면 저희가 미안합니까??,1,none
271,2022년2012년2002년 백범김구기념관 효창공원 대한노인회중앙회 대한적십자사 남북이산가족찾기동서문화사동서미스터리북스 DMBDMZ 안보관광 경기관광공사고양시 부산경찰 대한미용사회중앙회 미용실 간판을 읽어라 위대한 개츠비 스콧 F. 피츠제럴드 아버지이방인 알베르 까뮈 어머니 대위의 딸 푸쉬킨 스페이드의 여왕 푸쉬킨 이집트의 밤 푸쉬킨 결혼 푸쉬킨  1992년1982년 서울시 서초구 비씨카드 1972년 1962년,1,1
272,또 오세요 못하겠대 ㅋㅋㅋㅋ 오바도 엔간히 떠세요;;,1,0
273,내년에도 핼러윈 또 해라 인간들아,1,0
274,"용산 일대는 1950년 6,25 동 난 이후 미군들이 주둔하면서 그 유명한 사창가로부터성매매와 주점 밤 문화로 번창한 지역으로 영적으로 볼 때 저주 받은 더러운 땅이 되고 말았다. 땅이 더럽힘을 받으면 땅이 인간을 거부하면서 찌르는 가시가 나타나 고통이 일어난다...용산은 저주 받은 땅이다.",1,1
275,나 참 웃긴게..한국은 여러나라들이 얘기한대로 역시 서울 공학인듯합합니다..   (경북.봉화.포항.그리고 부산.) 슬픔의 공간  이태원 남겨진 상처는..너무나 큰 상처가되버린 이공간..당시 이태원에선 웃통벗고 날뛰고 뛰놀고 히히당락거리는 어린학생들..너무 안깝습니다..봉화..죽기살기로 지하에서 가족을을위해서 .....거의 한마디없어요..............................크게한번 터질것같아요...이번은 달라요..내가 죽더라도 그 년놈들 다 죽이고 죽을겁니다..라는무서운말 ..,1,1
276,일부러 이태원을 가야겟다 이럴때 더 똘똘뭉쳐야함 내년에 굥 감옥보내고 보란듯이 할로윈 축제도 안전하게 다시하고.. 그날은 꼭온다!,1,1
277,아프니 않다 난 앞으로 잘 하면 되니,1,1
278,현실을 직시하기에 너무마음이아파 장사하고싶은 마음이  안나시겠죠 그러나 산사람은 또 열심이 살아야하는현실 어찌합니까 상인들님 울면서 문은 열어야죠 힘내세요,1,1
279,당연히 “또 오세요” 해야죠. 안하면 영원히 여기에 남으란 말처럼 들리는데 더 섬뜩합니다.,1,1
280,경제도 참사 안보도 참사 이태원도 참사  참사로 얼룩진  대한민국  만세  올겨울  참사가  예견  과연?,1,1
281,밤늦게까지 음악소리가 꺼지지 않았다며..? 그렇게 나 몰라라 하더니.. 이제는 걱정이 되는 것인가..,1,1
282,이태원 참사입니다 그래야기억됩니다 ㅠ바꾸지마세요.,1,1
283,참사에 일조한 이태원은 허물어야한다그리고 언론은 까지마라,1,1
284,bj케이세야는이태원살인범,1,none
285,난너무슬퍼서 저긴 앞으로 못갈듯,1,0
286,오바들좀 하지마세요...현실부적응자들인가진짜,1,0
287,슬픔은 왜 시민들만의 몫이 되어야 하는건가요?  단지 정권만 바뀌었을 뿐인데 그동안 없었던 참사가 올해에는 왜 생긴걸까요?  누가 뭐래도 이건 국가의 책임입니다.  정권의 책임입니다.,1,1
288,지금의 정부는 국민들의 신용도가 바닥입니다.. 특히 젊은이와 외국인들에게... 그것은 대처 문제이겠죠.. 그런데 만약에 정권이 바뀐다면 아마도 살아 납니다.. 왜 행정력을 보고 뽑을테니까요.. 국민을 보는것은 수사와 구속이 아니라  국민이 안전하고 경제적으로 안정을.. 즐길수 있게 만들어주는 행정정치가가 필요하니까요..,1,1
289,부활이요.생명이신 예수그리스도.,1,none
290,수십년전 삼풍백화점 성수대교 부터 바꾸자 하지만 이뤄지지 못한 안전 불감증....건축법부터 안전에 관한 기관등 모든것이 변해야하는데 그게 현실상 불가능하다는게.......cctv관할은 구청에 있고 경찰은 권한이 없고 지휘부는 무능하고.....  안타깝습니다몇몇 정치적인 색채를 띄고 움직이시는분들 그러는거 아닙니다.....앞으로 일어나지 않도록 해야합니다.....,1,1
291,정치인이 경제를 다 망치는구나.망하는 나라,1,1
292,ㅋ,1,1
293,정부 대응의 결과가 다 죽이네.....,1,1
294,kbs 는 자막으로 윤석열 쉴드나 치지 말고 용산 대통령실 이전부터 따지고 물어야 할 거다. 대통령실 이전만 막았어도 지금의 사태는 터지지 않았을 거다.,1,1
295,당근 가야지 이기야,1,1
296,이태원.  할로윈.  20대세대,1,1
297,이태원.. 누구에게는 추억의 공간을 넘어서 생계와 연결된 곳이다. 제발 이번 사건으로 혐오 지역으로 낙인 찍히지 않길,1,1
298,"참사피해자 유족분들과 더불어, 사고발생지역 부근의 상인여러분들도 빠른시일내에 트라우마에서 벗어나시길 바랍니다. 사고유발자들(썩려리,행안부장관,법무부장관,경찰청장,경찰서장,용산구청장)은 두다리 뻗고 자는데 엄한분들이 죄책감느끼고 괴로워하시네요. 미쳐돌아가는 대한민국ㅁㅊ",1,1
299,"평소에 이태원이나 다른 서울에 몇몇 동네에 대한 인식이 너무 안좋았습니다.이번 계기로 이미지를 바꿨으면 좋겠는데요... 예전에는 이태원 하면 그냥 외국인들이랑 한번 해볼거라고 오는 성범죄, 마약, 유흥밖에 생각이 안났습니다",1,1
300,저분들 죄 있을 겁니다 국짐당을 찍은죄  그 죄값은 받아야겠지요~  용산구청장 서울시장 윤짜장  그 결과물 일 것입니다,1,0
301,518. 세월호의 정신이 이태원에도 함께 합니다.,1,1
302,이 현실은 모두 굥정부 탓입니다.빨리 끌어내리고 다시 시작해야 합니다,1,1
303,"님들이 찍어준 2번 윤석열 ,오세훈 한테부탁해보세요",1,0
304,범인 윤석렬과 한동훈은 전혀 양심의 가책을 느끼지 않는데 애맨 일반인들이 힘들어 한다.,1,1
305,인간의 고통앞에 중립은 없습니다!!!사망자가 아니라  희생자입니다!!!사고가 아니라 참사입니다왜 우리가  정부의 축소은폐를따라야 합니까다 잃고 있는데 왜 우리가 윤석열정부의미친 무책임함에 분노하는것 조차참아야 합니까우린  또  잃었습니다우린 또  잃었습니다ㅠ ㅠ아무것도 하지 않을거면행동하지 않을거면억울해 하지도분노하지도 맙시다,1,1
306,아  대통령 한번 잘못뽑아가직고 온 국민이 댓가를 톡톡히 치르는구나...,1,1
307,코로나로 간신히 버티거나 망해나가거나.. 이런데 또..윤석열이가 용산으로 가면서 마치 노미노처럼 대한민국의 시스템도 혈세도 국민의 고통도 늘어나고있다.앞으로 5년 소름끼친다.,1,1
308,"그날 그 장소에 갔던 모든  사람들에겐 큰 충격으로 다가올겁니다. 가지 않았던 사람들에게도 큰 충격이었으니까요. 95년 6월 29일 삼풍사고때 그 언저리를 가볼까 했던 저도 그날의 일과와 일정들을 아직 잊지 못합니다. 너무 큰 충격이었으니까요. 어떤 말로도 위로가 되지 않을 생으로 돌아가신 희생자 분들과 어느날 갑자기 유족이 되어버리신 유가족분들께 그 어떤 말들이 위로가 될까요? 깊은 분노와 아픔, 그리고 충격이 일개 시민에 불과한 제 마음에도 가득 쌓여있습니다.  일상을 즐기다가 일상속에서 아프게 돌아가셨을 영혼들을 생각하면 가슴이 미어집니다. 투표 잘 합시다. 언론같지 않은 언론이라는 탈을 뒤집어쓴 회사들의 말장난, 속임수와 각종 꼼수, 여론몰이, 일방적 편향성  이런 것들에 더 이상 속지 맙시다. 속아서 투표한것 그래서 이런 대형 참사를 불러온 것, 우리의 책임도 큽니다. 평소 언론의 말을 곧이곧대로 듣지도 말고 언론의 말들을 재해석하기도 해야 합니다. 정치에 끊임없이 관심을 가져야 이런 대형 참사를 예방하고 국민들의 안전과  우리 국민들의 재산을 지킬 수 있습니다. 모두들 안전한 일요일 되십시요. 삼가 고인의 명복을 빕니다.",1,1
309,애도를 강요하는 대한민국 정말싫다.,1,0
310,무능한 정부 뭐가 문제고 뭘 잘못했는지 알긴 알까? 알면서도 사고조차 없는 대통령 이라면 그나마 다행이다 잘못이 뭔줄도 모르는것 보다는,1,1
311,죽은 사람 추모하고 유가족 달래는게 최우선이다. 그렇지만 산 사람은 또 살아야지. 할로윈 사고 2년 끌자는건 정신나간 민주당 뿐이다. 추모 기간 지나고 이태원 상인들도 잘 추스리고 빨리 일상으로 돌아가길 바란다.,1,1
312,윤씨 탄핵 도기전에는  못갈것같아요  156명 이나 돌아가셧는데  그것도 억울하게  돌아가셧는데 못갈것같아요  트라우마 때문에 진짜 못갈것같아요,1,1
313,마음도 아프고 찝찝하고 최근에 이태원 한번 갔다가 이렇게 예쁜지 모르고 이제 시간나면 한번씩 꼭 들르고 싶은 곳이었는데 너무 안타깝고 참………………………………,1,1
314,진자 빠른  쾌유를 응원함니다 소상공인 님들힘네세요,1,1
315,가게.주민들. 잘못이 없습니까.생활에 충실히 하고 가정을 위하여 힘내세요.,1,1
316,산 사람들은 열심히 살아서 어제보다 나은 나라 만드는데에 힘쓰면 되는거다,1,1
317,수백명의 영혼들이 ...ㅠ,1,1
318,"대한민국을 부정하는 놈들은 반드시 그 댓가와 죗가를 치르도록 사법부가 바로 서야 되며, 입법부가 다수당이란 이유로 국민들을 무시하듯 법을 맘대로 뜯어 고치고, 국민들의 안위에 반하는 법들을 만들어 내는 행위 또한 엄벌에 처하도록 대한민국의 헌법을 바로 세워야 된다.",1,1
319,원래 이태원 주말장사임 오늘부터 봐야지,1,1
320,이태원.홍대는 복잡하고 지저분해서 안감~~ 대학로가 깔끔하고 아주 딱좋음,1,1
321,이태원 상점에 장사하시는 분들 그곳길 위험성 있는거 알았다는데  주변 누군가 나서서 돈을 걷고 교통 전문인력 2명정도 인력을 배치해서 일방통행 시켰어도 이런 큰 일은 안터졌죠 이게 다 내가 아니면 남이 알아서 해주겠지 안이한 생각도 있을을 테니깐여   경찰들은 압사 예고전화를 수없이 신고접수 받았지만 사태의 심각성을 모르고 안이하게 대처했고 그 좁은길 이전에 사고도 몇번 있었고 그것을 알고있던 사람들이 먼저 나서서 해줄수 밖에 없는 상황 같네여결국 경찰이나 행안부 강하게 민 인간들 주변 상권사람들  국민성에서 비롯한 참사입니다,1,1
322,부디 하늘에서 아무런 근심 걱정없이 할로윈 파티하시기를ㅠㅠ 여기는 그대들의 죽음이 정치 수단으로 변질되어 버렸습니다....,1,1
323,"미안하고 고맙다...- 민변,참여연대, 민주당 (feat. 이재명)",1,1
324,명동처럼 영원히 사요나라,1,0
325,상인들 너무안쓰럽고 용산구 이태원동사는분도 안쓰러워요..ㅡㅡ 저는 인천시민이지만 속상해요. 앞으로 이런대형사고 안나길빌어요... 활기찬 모습으로 극복했으면좋겠습니다..,1,1
326,당시에 저기 있진 않았지만 시내 한복판에서 너무 큰 참사가 일어나다보니 언제 어디서 내가 당하게 될지 모른다는 두려움이 생김.기본적인 제도들은 계속 유지해야 하는데 한국은 이전 정부 제도 갈아엎기에 바쁘고ㅋ,1,1
327,맘이 너무 아파서 가슴 찢어지게 아파서 이태원을 갈 수가 없어요,1,1
328,당시 음악소리가 엄청 크든데요.경찰이 영업중지 요구해도 안들었다고 하는데 사실인가요.,1,0
329,해밀턴 호텔에서 가벽 철거하고 그 벽면에 애도의 표식을 남기길 바랍니다. 정부가 모르쇠하니까 ...,1,1
330,That street is full of ghost of the victims.  I don't think people will go there in the nearest future.,1,1
331,와이키키는 어떨지 매우 매우 궁금하군. 밥이 목구멍으로 넘어가려나,1,0
332,잘 됐다 상가 상인회 책임져라,1,0
333,이제 이태원 거리는  무섭다억울한 영혼들이  떠돌아 다닐거다ㅠ,1,0
334,애도는 강요하는거 아니다눈치보지 말고 소신껏 즐길건 즐기거라,1,1
335,이태원 상권이 다시 살아날수 있을까.. 여러분 사고난 곳이라고 안가고 피하면 안돼요.. 이럴때일수록 더 가줘야합니다,1,1
336,애고...  집값 우짤꼬...,1,1
337,내년되면  벌떼같이 간다에 한표죽고 사는것은 기본적으로 개인의 책임이다,1,1
338,모두가 피해자죠 정부의 무능과 무감각한 안전예방과 대비책,1,1
339,잉과응보다,1,1
340,웃기고있네.... 김은혜가 그럽디다!,1,1
341,냉정하게 말해서 죽은 사람은 죽은 사람이고 산 사람은 어떻게든 살아가기는 해야지.. 당장 먹고 사는게 얼마나 중요한건데.. 먹고 사는게 무슨 애들 장난도 아니고.. 근데 나도 이태원 갈때는 저 길 꼭 들를 것 같다 마음이 그렇게 좋지는 않을 것 같다.. 과연 활기찬 이태원으로 언제쯤이면 돌아갈 수 있을지...다시는 저런 어이없는 참사는 절대 벌어져서는 안되는거고.. 저 일로 수많은 희생으로 비싼 수업료를 치렀다 생각하고 정신 차리면 다행인데 정신 못 차리고 또 몇년 있다 똑같은 참사가 벌어질 것도 같고.. 책임회피하고 밑에 사람들한테만 책임 떠넘기는 지금 행태들 보면 또 똑같은 일이 반복될 것 같고..,1,1
342,이태원상가에서 일하는분들 힘내세요.국민이 일베언론이 만든 윤정부가 죄를 저지른거죠. 우리는 그런 당을 그런 사람을 직접뽑았어요.그리고 사람들은 또 뽑을거에요,1,1
343,술파티하다 술취해서 넘어져서 숭고히 죽으신 분들이에요 애도를 표합시다,1,1
344,참   삼가고인의 명복들 빕니다 가계분들도  힘내세요~~,1,1
345,삼가 고인의 명복을 빕니다.  점주분들도 고맙네..  반드시 한번이라도 찾아가서 먹고 온다...,1,1
346,어차피 문열어놔도 불과 이틀전에 많은 사람들이 죽은곳이라 밥이 목구멍에 넘어가지는 않을것같네요.20대자녀가 세명인지라 뉴스볼때마다 내자식인양 가슴이 매어집니다.,1,1
347,자영업자 언니오빠들 힘들겠숩니다ㅜㅜ 아직두 마음이 따듯하신분들이 많은것같습니다ㅜㅜㅜ 사탄.마귀숭배bts오빠들같이 나쁜사람만 있는게 아니란걸 보여줍시다!,1,1
348,고인의 명복을 빕니다,1,1
349,겨울에 만취해서  길바닥에서 동사하는분들도 국가적차원에서  지원 해줘야한다.  법은 만인에게 평등하다.,1,1
350,그날 사람들 쓰러져있는걸 다 봤을텐데 상인들도 당연 트라우마에 시달릴듯... ㅜㅜ,1,1
351,고인분들께 애도를 표합니다... 다만 걸리는게 이태원 상인들입니다 상인들은 이날만 바라며 버텨온분들도 많고 이때 팔려고 고기만 200만원어치 해동 다 시켜놨는데 팔지도 못하고 신규입점한 곳은 안그래도 사람없어서 겨우 버텨가고있는데 이날만을 기다려왔기에 재료를 몇백만원어치 많게는 천단위까지 ..아낌없이 사놨다가 다 버려야한다네요.. 월세도 만만치않을텐데  무슨 봉변인가.. 안타까울뿐입니다.. 알지도 못하는분들은 그저 넷상이라고 손가락질 할 시간에  마음을 다시 잡고  상인분들 욕좀 그만 좀 합시다 상황 다 알지도 못하면서 댓글 보니 역겹네요 상인분들 역시  다 같은 피해자입니다 .,1,1
352,희생자들도 불쌍하지만  당장 살아있는 자영업자들도 벼랑끝에 내몰려 생계가 위협받는 죽음에 내몰린건데 이태원 상인들의 현재 상황에 대해서 언급해주는 언론이 몇 안되네요..,1,1
353,이틀 됬는데..오늘 홍대 할로윈 축제하더라 ㅡ.ㅡ;;분장하고 나오고인파 장난아니던데..이런건 왜 뉴스 안나오냐 ;; 이태원 상인들도 불쌍하지..,1,1
354,"100명의 전우의 시체가 듫끓던 자리를 누가 무슨 복을 빌려고 넘고 넘을까동인천 호프집 화재참사때 고등학생들만 60명 가까이 죽었던 그곳은 내가 동인천 심지에서 수년간 일하던때라 그곳을 누구보다 많이 지나쳤다사고 전까지만 해도 주안 부평 부럽지 않을 정도의 인천 최고의 학생 번화가 골목 이었고 홍대 이태원 부럽지 않게 인파가 넘쳤다십수년 흘러 화재참사 이후에 지나갔는데 예전의 텐션이 사라졌더라인천 호프집 전후 확 달라진 분위기가 떠오른다주변 공터에 한 두명 목매 자살해도 땅값이 떨어진다이번 이태원의 그 골목은 호프집 참사 사망자의 두배가 넘는다사람 죽은 게 완벽히 잊혀져야만 땅값이 폭등한다, 이태원이 워낙 서울 한복판이니 땅값에는 영향이 없겠다만, 암튼 지금은 저주받은 구역이다누가 그곳을 즐거운 마음으로 지나갈까.. 내가 동인천 화재 참사 골목 지나갔던 그 느낌 나겠지..앞으로도 이태원은 가시밭길이다",1,1
355,ㅠㅠ,1,1
356,일주일간의 애도시대를 살고 있군,1,none
357,"오히려, 한국 사람들의 시민의식 부재가 가장 큰 문제였다고 할 수 있다.",1,1
358,.,1,none
359,"그리고 이재명, 민주당의 악의적 공세도 잘 분별할 필요가 있다.",1,1
360,"적절치 못한 비난이나 비판은 상황을 개선하는 것이 아니라, 오히려 악화시킬 뿐이다.,,.",1,1
361,이거  지원해주나 안해주나  봐야지  윤의 선택은,1,1
362,밀어 밀어 의도된거라면?무섭다 사람이....그럼 누가 이익을 보려고 그랬을까?,1,1
363,생업인 자영업자들이 많으실 텐데...ㅠ,1,1
364,여인선누나,1,none
365,자발적은 무슨 어쩔수 없이겠지 상인들 보상도 해주는게 맞다고 본다 트라우마에다가 일이주는 장사 못할텐데,1,1
366,미개한 인간들 사고 하루만에 홍대로 다 몰려감..,1,none
367,오빠 이뻐요,1,none
368,일주일?  일주일이면 애도가 될까?,1,1
369,응 홍대랑 강남가면돼~~,1,0
370,왜 정부의 책임은 사라지고 일반 국민들에게 책임을 떠넘기는 기사만 나오는가,1,1
371,눈물이 나고 슬픕니다애도를 표합니다근데 무슨 상인들을 지원하나요?어이없습니다전북전주송천동산소망교회10시주일예배 참석하여 윤식열대통령이  지혜롭게이위기를극복하기를 기도드립니다,1,0
372,홍대에 사람 ㅓㅁ청,1,none
373,"사고 새벽에 인터뷰는 분명 위험해서 피신한 사람에게 ""장사해야되니 손님아니면 나가달라"" 였는데, 그 다음날 해당 인터뷰 영상 나오지 않고 오히려 ""상인들이 사고 참사를 도왔다?"" 며 영웅이 된 뭔 경우?",0,0
374,어떡하냐 진짜.. ㅠㅠ,0,1
375,상인들은 뭔제인가요 힘네세요,0,1
376,이태원 클라쓰..,0,0
377,이태원 상인들은 할로윈 특수기대가 할로윈 재앙이 되버렸네요..이번 참사의경우 이태원 상인들에게는 코로나때보다 더 상권이 죽을수도 있을것처럼 보입니다..(코로나는 한시적으로 상권을 죽였지만 이번 참사의경우 여파에 따라 이태원 전체 상권이 날아갈수도 있는 문제겠더군요),0,1
378,여태 참고 제재가 풀리기만을 기다렸는데 용산구청장은 그 이태원을 홍보는 못할망정 할로윈데이 무질서를 방송사와 기획이나 하고 정작 질서안전에는 방관한 책임을 물어 법적처절을 해야합니다 이태원상인들은 구청을 상대로 소송하세요,0,1
379,사람이 그렇게 많이 죽었는 곳에 그닥 가고 싶진 않지..일적이거나 반드시 가야되는 이유가 있는 게 아니면.,0,0
380,이태원은 세계적으로 유명해졌지만 세계적으로 조용해졌네,0,0
381,돌아와라 대한민국,0,0
382,각자도생시대에 살고 있습니다. 안타깝지만 잘 견뎌내시길 응원합니다. 사과도 후속조치도 앞으로의 재발방지 대책도 없이  해외로 날리면 대통령...안돌아 왔음 좋겠습니다.   .,0,0
383,깔려죽을땐언제고 인젠파리날리니 상인걱정ㅋㅋ,0,0
384,모든게 국가재난 씨스템이 제대로 작동안되탓 입니다구청장만 제일을 제대로 했다면경비경찰이 예전처럼 골목길을 지키고 있었다면 112신고망이 제대로 가동되었다면 괄리책임자가 집에서 자빠져 있지 않았다면  이런 참사가 안나는건데 제대로된 정부가 이래서 필요한겁니다,0,1
385,헐 생계에 지장 생길 정도면 진짜 불쌍하네 어카냐 손님들 다 끊기면 우짜냐,0,1
386,줄폐업 할겁니다.그정도 인원이 사망하신자리에는 영혼이 쉽사리 떠나지못할겁니다.안타깝지만 시간이 한참 걸리겠군요,0,0
387,할로윈때 돈뽑아먹을 생각만했지 도로변에 테이블 내놓고 장사해서 더 혼잡을 부추기고 방관한 이태원 상인들도 책임이 있다고 본다.,0,0
388,뇌가 작동 안해서 손발이 잘 안 움직여 일어난 참사뇌를 잘 뽑아야 하는 이유,0,0
389,사고당일에 경찰에 협조 좀 하고사람들 좀 들어오게해서 도와주지 그랬냐,0,0
390,나 같아도 저기 무서워 못가겠다.,0,0
391,이젠 책임질 시간이죠. 참고 견뎌야지 방법이 없습니다,0,0
392,이태원은 이제 대림동이나 원곡동 되는거죠 구청털때 빨리 정리하고 떠나요 상인들도 털려요 골목좁게 테이블놓고 그랬으니 내논사람 본사람 다털려요 윗선만 살아남아요~,0,0
393,어찌  156명이  죽냐젊은 이들  하,0,0
394,어제 집 가는길에 지나가는데 진짜.. 암흑도시 경찰만 있음.. ㅠㅠ,0,1
395,조금만 버텨요.시간 조금  지나면 다시 돌아옵니다,0,1
396,안그래도 힘든데 사고나면 늘 소상공인들만 희생양되네,0,1
397,요개 만약 기획이었다면 진짜 맞아 뒤지는 거야,0,0
398,당신들이 좋다고 뽑았으면 받아들이면서 후회와 반성을 해야죠 ... 미래세대에게 못할짓만 하는 탐욕스러운 기성세대 때문에 이미 대한민국은 획기적인 전환이 없는한 100년 후에 인구가 지금의 8%도 안남는 망해가는 나라입니다...,0,0
399,이 와중에 장사 생각이라니 .......  강원래씨 이 참사에 대하여 어떻게 생각하시나요?,0,0
400,2차피해,0,1
401,좋을때가 있엏으면 나쁠때도 있는거지. 자영업자들 안힘든적 있었나?,0,0
402,용산구는 구청장을(국화의원도)잘못 뽑은 댓가를 치르는것~~,0,0
403,이태원 프리덤~,0,0
404,생존이 문제이네요  거기서 춤추고 술마시고 싶겠습니까,0,0
405,몰려서문제구만 저긴,0,0
406,국민생명을 개돼지로 보는 것들 때문에 많은 국민들이 손해를 보는구나 그런데도 자리보전하고 눈치만 보고 있으니 ..,0,0
407,맛집은 다 줄선다. 핑계는 ㅉㅉ,0,0
408,이태원 양복점ㅋㅋㅋㅋㅋㅋ 장난하냐? 어???,0,0
409,그러면 그렇지 애도는무슨 ㅎㅎㅎ,0,0
410,용산 구청장은 10시쯤 이태원가서 사진찍고촬영하는거 막는 장면 나오던데   용산구청이 왜 수사 대상이지? 도데체가 이해가 안되네. 수사대상은 이상민  윤희근  오세훈 아니냐?,0,0
411,진짜 힘들면 장사 접고 팔아야지아직도 장사하는거보면문제없음,0,0
412,돈벌 생각만 했지 행사 주관은 안한 이태원 상인회도 책임있죠. 그 전에 지구촌 축제는 상인회에서 주관했다면서요.,0,0
413,이태원의 특수성을 상인들이 잘 알고 있었을텐데...멀쩡하게 영업하려는 인터뷰  이해 안됨.,0,0
414,솔직히 귀신들로 바글바글할거 같아서 누가가냐,0,0
415,"이태원 이번에 재정비하여 싹 다 밀어버리고 추모공원 만들어 버리자!,,",0,0
416,돈 벌땐 기부하고 그랬나?,0,0
417,상인들 피해자 아니다돈 벌 생각에 좁아터진 골목에 노점 다끌어다쓰고시끄럽고 온갖 쓰레기에..,0,0
418,이태원가면 죽는다 인식이  수년갈듯,0,0
419,아바타  영화  보고   생각을 해봐라  그러면   답이다,0,0
420,욕심,0,0
421,이제진짜귀신나오는거리가됐다,0,0
422,그날 노래도 안끄고 신들났드마? 사람아닌것들(그날미친것들만),0,0
423,또 약자들 싸움으로 부추긴다.,0,0
424,롯데월드 미어터지더라~~~,0,0
425,모두들 코로나 끝나고 인파 많은거 감내하며 할로윈 축제를 즐길려다 욕심과 의지가 상식적인 안전 불감증으로  크게 무너진거라고봄 인기가 오를때 무섭게오르거처럼 떡락도 무섭게 한순간  10~30년 쌓아놓은 세계적인 젊은이들의 도시 한순간에 큰거 한방에 무너졌음.... 국내 최고의 핫플레이스중 하나였는데 다시 무너진 명성을 돌리려면 10~30년 더 해도 복구하기 힘들듯  안전한 계획도시로 클럽 술집 상권 근처 다른 공간찾아 문화 타운 이전 해야될듯함...처음부터 다시 시작해야된다고봄 이태원 주변 건물들 싹밀고 행정처 회사 사무실로 만들어야 될듯...,0,0
426,용산에 '그것들' 들어오고 난 후부터는 뭐하나 되는게 없을거임 ..  그게 바로 주술의 힘 아니겄어 ?,0,0
427,새로운 정치용 왕국으로 용산지역  이태원까지 개발하고 싶었던건 아니겠지? 참 무서운 사람들이다.,0,0
428,이태원상인들도 책임져야,0,0
429,추모간이 아니라 쓰레기장이 됐네,0,0
430,이태원 전 상인들이 피해보는건 안타깝지만 사람들 죽어가는 와중에서 음악 크게틀어놓고 장사하던 사람들은 좀 피해 아니 엄청난 피해를 봐도 된다,0,0
431,중국 황인 코로나 일본 황인 방사능 한국 황인 이태원(외국인포함) 으아아아아아아아악 중국 황인 친척 한국 황인,0,0
432,구청장 잘못 뽑은 업보.......하긴 상인들중 용산에 집있는 사람이 몇이나 되겄냐만은...............용산구민을 탓해야지 뭐,0,0
433,대통령 용산으로 옮기고 용산 박살냄 ㅋㅋㅋㅋㅋㅋ,0,0
434,이태원참사말고 용산참사로 공식적으로 표기합시다.,0,0
435,이태원 가지맙시다,0,0
436,OUT 용산구  이테원동.이잰 사람 밝길도 끊겨' 점차 폐색대어 잊혀질 곳. 인과응보,0,0
437,장사하는인간들은 장사잘되나만관심이구나,0,0
438,나라가 개판으로 돌아간다,0,0
439,이곳은  정부에서 해주어야 맞죠,0,0
440,이태원 상인들 인과응보라고 본다. 망하게 나두자. 바가지 상권,0,0
441,애당초 능력없고 줄만대던현 용산구청장을 뽑은게신의한수,0,0
442,이태원 망해도 됨,0,0
443,머이딴 뻔뻔한 장사꾼들이다있어? ㅠㅠ 저딴 사고난 곳에어 게속예전처럼 잘팔아먹겠다는게 제정신이야?? ㅠㅠㅠㅠ,0,0
444,뭐 하러 집무실 이전을 해가지고 ㅠ 참사의 근원.,0,0
445,50년은 다시 후퇴,0,0
446,이태원의 상권은 핼로인과 함깨 죽었다. 이태원은 1029참사 추모비를 세워서 매년 핼로인데이에 추모제를 올려 젊은 영혼들을 위로해야할것이다~~,0,0
447,상인분들 제발 선거 좀 잘하세요. 매번 시장 가면 그놈의 국힘. 그렇게 쳐 맞아도 아직도 모르겠어요?,0,0
448,그르게  투표좀 잘해라 2번찍지기들 따라 찍고 이게 뭔 고생이여찍지기들이 나라 박살냄크리스마스때 또 바글바글 할꺼야,0,0
449,무슨소리야지들먹고살려고 기동대출동도싫다고했다고들었는데,0,0
450,"한가지.... 불법 건축물 걷어내고,,, 인도 좀 넓힙시다...길 닦으면 자동차 도로요.  인도, 자전거 도로도 없는 대한민국 도로... 사람 좀 걸어 다닙시다....",0,0
451,용산으로 드러간이무기가 재앙을부른거라생각합니디ㅡ,0,0
452,오세훈과 국짐 구청장을 찍은 손가락이 문제 ㅠㅠ,0,0
453,"150명 넘게 떼죽음 당한 곳에서 음식 먹고 술 먹는 건 물론이고, 근처 가기도 꺼려진다. 그냥 건물 다 밀고 위령비 세우고 추모 공원 만들어라.",0,0
454,아니 1번출구 애도하는걸 치우라고 ㅋㅋㅋㅋ 그걸 치워야 점점 복구가 되지 1번 출구 주변 빼고 다 사람 다시 붐빈다 적당히 해라 이제 ㅋㅋㅋ,0,0
455,이름 밝히자고 입에 올린것 부터가 2차 가해이고..2차 참사손해배상은 민주당이 먼저 물어야 마땅하다,0,0
456,스스로 꺼져야지 뻔뻔하게 거짓말이나 하는 무능한 구청장힘당에 한표도 주지말자,0,0
457,"이태원은 철거해라, 고마",0,0
458,어쩌라고 알빠임?,0,0
459,용산에 재수없는 마구미가 이사가서 그럴까.? 옴마니반메음 용산의 영광을..,0,0
460,이태원상인들아 이래도 윤찍?,0,0
461,마약수사에 157명이나 희생된 책임은 윤석열과 한동훈이 져야 할 것이다.,0,0
462,... 참사는 안타까우지만 그 참사속에서도 음악틀고 장사하고 압사ㄴㄴ. 그러던 이태원 상인들 벌받는거지. 그 뭐냐 구청장이라는 아줌마는... 되따...그냥 윤씨 탄핵 됬으면 좋것다,0,0
463,이태원 상인들 책임도 크다. 누구보다 인파를 항상 지켜뵜던 사람들이고 안전대책을 강구했어야한다. 하는 거라곤 음악 귀 찢어지게 틀고 음식도 엉터리 음식 바가지 씌우고 돈만 벌기 바빴지. 그게 음식이냐. 와이키킨지 뭔지 클럽은 가게 안으류 피신 들어온 여자들을 그대로 똑같이 들어온 길로  나가라고 쫓아냈다.,0,0
464,"이번참사 나게한 경찰과 구청이   책임져야지.네놈들의 무관심에의해 참사가났으니 너네가 자주가서팔아주던가해줘야지. 책임져라  ~이밀이지. 이제 저 경사진골목은 영혼의골목이되었네.그리고,전에  압사 ㄴㄴ 즐겁게춤을  이런 네온사인올린가게 어떤가게인지 저집은 망해버려야지돼  가게문 닫으면 박수가절로나올거임 침이라도 뱉고싶은가게지.캬~~~악   퉤~~~.",0,0
465,윤 정부는 각자 도생 기조다.알아서 살아라...윤 찍들은 좋겠다.알아서 살면 되니..정부에 도와 달라 얘기도 하지 마라..,0,0
466,"사고당시 음악 엄청 크든데,..음악부터 크시지 그랬어요.장사가 그리 중요했나요.누군 들어오지 못하게 문도 잠갔다는데..참 안타깝네요. 다들 놀고 즐기고 장사하려고 한 거뿐이데..그런데 지금 그럴 때가 아니죠. 엄청난 지구대변화가 감지되고 있으며 재난이 증가할 것으로 보는데 그때도 경찰.정부탓만 하려는지요?",0,0
467,2찍 해서 이 무슨 고생입니까?국민이 주인인데 대접도 못받고...,0,0
468,젊은애들은 지들이찍었는데  뭘걱정하나요  그들은  4자성어  인과응보라생각하고  있을거니까  장사나 잘하세요  꼴보수 유튜브보고  근방 웃을거예요  꼴보수방송한번보면  토나오는데  역시  우리  가스통할배와 태극기 민족은 매일같이  웃으며  시청하고 돈주고 있겠죠,0,0
469,"지적하지 않을 수 없는 점이 있다.제대로 된 구청장을 뽑았으면 사전에 인파관리 대책을 세워 참사를 막았을 거고, 지금과 같은 시련이 없었을 거라는 것이다.솔직히 안전관리 요원 몇백명도 아니고 몇십명만 주요 위치마다 배치해 원활한 통행이 되도록 했으면 이런 참사는 없었다.그러니 진영논리에 빠져 내가 투표하는 사람이 어떤 사람인지 보지도 않고 소속 정당만 보고 찍는 일은 이제 없어야 한다.",0,0
470,사람들이 그렇게 많이 죽어 나갔는데 거기가서 춤추고 술마시러 가는게 정상으로 보이겠냐! 내가 죽은 영혼이라도 그런이 있으면 그 혼속에 들어가 난리치지....금년으 ㄴ자숙의 시간과 추모의 시간으로 보내고 내년부터 다시 시작하는게...,0,0
471,"이태원가서 웃고 떠들고 있으면 또 시민들한테 카메라 들이밀면서 ""이곳에서 참사가 벌어졌는데 아무렇지않으신가요?"" 하면서 마녀사냥하겠지",0,0
472,SEC!SEC!SEC! ON THE BEACH!!,0,0
473,이태원 근처도 가기싫어서 일부러 돌아갑니다,0,0
474,심폐소생술 하는데 음악 신나게 틀은 곳. 그 정도 인파인데도 건물 안으로 못드가게 막은 곳.,0,0
475,서양 미신축제  행사  때문에  많은  이들이  고통 속에서  하루하루를  보내고  있습니다.동양미신 때문에 경제적 파탄자들도  나오고  있고....,0,0
476,it is karma effect...,0,0
477,북적북적 할줄 알았다는게 더 웃기네,0,0
478,피해자 코스프레 개역겹네ㅋㅋㅋㅋㅋ,0,0
479,거기 가면은 기자들이 슬픔을 강요하며 마녀사냥하겠지 ㅉㅉ,0,0
480,그동안 벌어온게 어마어마할텐데 힘든코스프레하네,0,0
481,유족들에게 손해배상 신청해야 한다,0,0
482,저 사람들이  3재네  헐,0,0
483,ㅋㅋㅋ,0,0
484,이태원 추모공간 정치적으로 이용만 하더만징글징글빨리 없애고 이태원 살려야소상공인 전부 재난지원금 시급할듯,0,1
485,불결하게 거길 왜 가? 참사난 자리에서 먹고 춤추라고? ㅉㅉ 다들 보따리 쌀 준비해라~,0,0
486,"원래 가족이 죽어도 장례식 후에는 일상으로 돌아가려 노력하느데지금 어떤단체는 장례 치르기전의 그 기분만 강요하는데, 아니라고 생각됩니다.상처를 낫게해야지, 계속 후벼파기만 하고 있는거 같네요.",0,0
487,이태원가서 죽으면 아무도 책임지질않는데거길 왜가냐~!!!,0,0
488,"청년들도 죽고, 상인들도 죽고 사는 게 뭔가싶다. 살 사람은 살게 해야지, 장례식장 분위기만 만들고 정치로 이용만 하려들고.",0,0
489,158명의 청춘의 목숨이 죽은 흉가터를 누가 가냐! 낮에도 소름끼쳐서 못지나가겠더라....밤은 귀신나오는것 같고....,0,0
490,문재인 진짜.........나라다운 나라 만들겠다더니....,0,0
491,참사를 정치적으로 이용하고 슬픔을 강요하며 유족을 선동하여 이용하는 이들이 있는한발전은 없는거죠. 그냥 멈춰버리는것,0,0
492,인도는 남성혼자서도 여행위험국가인건 다아는 사실인데 여성혼자 뭘믿고 위험국가라고하는곳에 가는건지.. 이건 위함한건알지만 나는 괜찮을꺼야 라는 안일한 안전불감증이 불러온 사건사고.. 얼마전 있었던 그사고도 안전불감증이 불러온대참사가아닐수없지..매년 사람이 몰려서 안전에취하4하다고하는대도 굳이 왜 또 매년 몰려들가는건지..가고싶어서갔으면 위험해보이면 파해야지.. 국가에 책임떠넘기기전에 요즘젊은이들 부터..좀 각성해야한다.. 유족들의 아픔은 충분히 이해는 가지만 그렇다고 좌파들의 정치놀음에 뜬금없는 마녀사냥해서야되겠는가 말이다. 엄연히 젊은이들이 위험지역인것을 알고서도 굳이 그곳을 가서 사고를당한것을.. 외국인조차도 위함을 직감하고 도망치듯피했던장소인데 우리나라젊음이들이라고 몰랐을까?. 설마나는 괜찮을꺼야..무슨일 일어나겠어?.이런 안일한 안전불증이.불러온 대참사가 아닐수없다. 인도 제발좀 혼자여행사지마라 매년 실종야향객이 얼마나되는줄아는가! 설마 내가실종되겠어? 그런맘으러가는건가? 그러고서 또 무슨일생기면 윤석열정부가 잘못한것이라고 마녀사냥할텐가? 각성해라ㅠ 일터지고 남탓아무리해봐야 결국 피해는 다~~ 당신들 목숨이고 당신들 미래인것이다.,0,0
493,"솔직히 상인들이 제일 나쁨. 통제, 책임은 경찰, 정부에게 떠넘기고, 본인들은 돈 빨아먹는데만 급급했잖아. 쎄하다 싶음 자치적으로 상인들이 통제했어야지. 미디어에서 언급 안하니 입꾹에다 징징거리고 있네 ㅉㅉ 응?? 사람들 다 알고 있다~~ 게다가 사망자 속출하는데 댄스음악 틀고 있고, 건물 안으로 못드가게 막아?? ㅉㅉ",0,0
494,이태원이 다시 살아날 확률 = 승리가 연예계 복귀할 확률,0,0
495,거기에 내년에 경기침체까지 오면 ㅜㅜ,0,0
496,상권이 죽었으면 세도 깎아줘야지. 그렇게 안되면 당장의 손실을 감수하더라도 나와서  더큰 손실을 피하는 게 낫겠다.,0,0
497,가고는 싶지만.... 누군가가 고통 받고 슬퍼하던 곳에서 웃고 즐기지는 못할 것 같다.......,0,0
498,"을씨년스럽고분위기, 무서버옹~ ㅠㅜ",0,0
499,심폐소생술 하는데 음악 신나게 틀은 곳. 그 정도 인파인데도 건물 안으로 못드가게 막은 곳.,0,0
500,아예 다 밀어버리고 재개발을 하던가 해야할듯,0,0
501,어제 유가족 얘기 들었어요이태원참사 다음날(10월30일) 유가족 찾아와서 마약부검을 운운했다는데...세상에!듣는 나도 기가 찹니다유가족분들 힘내세요!,0,1
502,158명 압사 참사 ... 이것은 결코 평범한 참사가 아니다. 원인이 복합적이고 후진적인 것이다그 원인 중에 이태원 상인회와 참사 지점 주위에 있는 상인들... 당신들의 책임도 없지 않다 (굳이 설명하지 않겠다) 안타깝지만 이젠 끝났다.피해를 최소화 하기 위해 떠나는 게 답이다.,0,0
503,아마 저긴 평생 안갈듯. 저긴 이제 끝났다고 봐야지. 완전 재계발해서 밀어버리고 새로운 무언가로 만들면 몰라도 이 사건 기억하는 사람들이 있는 한 놀러가는 장소에서는 영원히 아웃이다..,0,0
504,이태원은 이제 내년부터는 귀신분장과 진짜 귀신이 콜라보 할듯 진짜 오싹한 동네가됐네 ㄷㄷ,0,0
505,상인회라도 만들어서 골목 안전 스스로 관리라도 했었더라면 …그곳의 사정을 제일 잘 아는분들이 적극적으로 사전에 구청에 요구라도 했었더라면 ㅜㅜ결국 주체가 상인이든 행인이든 집단 이기주의가 만든 결과,0,0
506,이태원은 이제 끝났다고 봐야지,0,0
507,떠도는 영혼이많아 못가겠다~?,0,0
508,유흥가를 조용한 거리로 만들기.국가에서 잘 했네요. 참사 장례가 끝.파업들하니 책임도 슬슬 줄고어쨌든 법으로 잘 통치 하는 모습이 영원히 갈것 같습니다.,0,0
509,상인들이 CPR 했다는 주장에 한마디 합니다. CPR했다는 것이 면죄부된다고 생각한다면 큰 착각입니다. 민간인 CPR은 의료법 위반입니다. 어설픈 CPR로는 위급환자 못 살립니다. 뿐만 아니라 긴급호송 지연 적절한 응급치료 지연시켜서 살릴 수 있는 사람 사망시켰을 가능성이 아주 높습니다.,0,0
510,내년되면 또 바글거릴듯,0,0
511,어떻게 가 거길..,0,0
512,저렇게 억울하게 많이 죽은 곳은 갔다가 귀신 꼬인다,0,0
513,에휴...사고 지역 인근 상인들은 진짜 죽을 맛이겠네...나 같아도 저 근처는 안 갈 듯...,0,0
514,사장님들이 안타깝긴하지만... 저기에서 몇명이 죽었는데... 전 평생 안갈려구요..,0,0
515,솔까 무섭자나 밤에놀기에 ㅠ,0,0
516,"오히려 지금처럼 문닫고 있고 고담시티처럼 만들어놓으면 더 안옴. 오히려 음악도 크게, 평소처럼 계속 열어놔야하고 술한잔 주는 이벤트같은걸로 심폐소생해야지.",0,0
517,거기 분위기가 원래부터.. 어둡칙칙,0,0
518,"솔직히 상식적으로 저길 어케감..많은 사람들이 돌아가신곳인데 저기서 웃고 떠드는게 진짜 소시오패스나 사이코패스 아닌 이상은 쉽지 않을듯..안타깝지만, 저긴 그냥 가게 문 닫고 다른 곳으로 이전하는게 빠를거같다...",0,0
519,한 3년은...회복불능../ 참사날 건물 안으로 못들어가게 했다카더라는 가게도 보이는군.,0,0
520,진짜 짜증나겠다,0,0
521,무서워서라도 안가지 가겠어,0,0
522,골목을 다막아 놓고 사고내놓고 제상 차려 제 지내주는 상인 한참 생각해봤는디 불법증축건물 자체정리하라~그것이 먼저다  제사는 무슨~,0,0
523,어쩌라고 상인들도 책임이지 죽어가는 사람들 보고서도 자기 잇속만 챙긴 놈들 경찰 통제 자제하라고 미리 요청하고 가게문 꽁꽁 걸어잠궜던 놈들 니들도 고통받아라,0,0
524,시간이가리라다되리라ㅡ,0,0
525,오 잠실에서나 용산에서나 똑같은 일 터지면 사람들 이제 서울 버릴 듯.,0,0
526,누가 가냐.ㅠㅠㅠ,0,0
527,솔직히 저기가서 놀면 소시오패스 인증이나 마찬가지지... 사람죽어나간 곳에서 술먹고 노는 인간이 정상으로 보이겠냐?,0,0
528,임대료가 얼마여,0,0
529,거길 뭐하러가냐? 갈거리에 원혼들이 여기저기 출몰 이참에 진정한 야태원으로 거듭나길,0,0
530,그러니  제발 소잃고외양간고치지좀마라고...,0,0
531,죽어도 개죽음에 죽어서도 민폐야 ㅡㅡ,0,0
532,손없는날 아니면 어떻게 가냐?,0,0
533,영혼들이 찜찜해서,0,0
534,못가지 안가지 ..... 무서워서 못가지 ....안타깝지만 어쩔수 없이 ...어찌 저기서 술을 먹을수 있겠나그날 그   뭣 같은 음악만 껐어도 사람들 목소리가 잘 들렸을거다 ..... 그  소리 때문에 아우성 소리느 들리도 않음,0,0
535,거기를 누가 갈까??,0,0
536,내년이면 다시 모여서 또 같은짓 할거야^^조금만 참어,0,0
537,부폐 장소 절대 이태원 가지마 썩은 동네 죽움을 방치한 작자들 사라저야,0,0
538,아파트 단지에서 사람 한명만 추락사로 죽어도 땅값 엄청 떨어지는데 150명이나 죽은 곳은 회복불능 죽은 상권임.,0,0
539,"내가 장담하고 예언하는데, 내년 할로윈 이태원에서는 언제 그랬다는듯이, 압사사건 잊은것 마냥 다시 사람들이 모일것 같더라ㅋㅋㅋㅋ 아니면, 홍대 신촌 명동 위주로 사람들이 많이 몰리거나",0,0
540,돈벌고 싶어 정말로 가슴에 손을 얹고 반성해봐라 사람들이  왜 죽은는지 살수도 있어서,0,0
541,뿌린대로 받는거다!스스로 자정하고 마약. 자진 신고 좀해라!,0,0
542,이태원 트라우마 신드롬....,0,0
543,노래틀어 놓은 가게들 때문에 참사가 더 커짐 앞에선 사람이 깔려 죽고 있는데도 노래소리 때문에 뒷사람들은 전혀 상황 파악도 못하고 계속 밀고 들어오고,0,0
544,"너같으면 150명이나 죽은 재수 옴 붙은 곳에 가고 싶겠냐게다가 외노자,약쟁이 득실거리고 치안도 엉망인곳인데",0,0
545,저길  누가  가냐ㄷㄷㄷ,0,0
546,사실상..10년이 지나도 못갈듯,0,0
547,거기 상인들 글쎄..,0,0
548,헬로윈주최자들도안온다고?,0,0
549,막말로 누가 가겠냐,0,0
550,귀신 나올거같네;;,0,0
551,ㅋㅋㅋㅋㅋㅋㅋㅋㅋㄱ 공장가세요,0,0
552,놀다가 죽었는데누구책임  사림많은곳에 못가게  해야지놀러못가게한  부모책임 이야,0,0
553,거기 가면은 기자들이 슬픔을 강요하며 마녀사냥하겠지 ㅉㅉ,0,0
554,상인들 잘못이라는데 아니 이태원에 술집만 있어요?? 식당도 있고 카페도 있고 옷가게도 있어요. 그들은 무슨 죄인가요?? 이태원에서 장사한 잘못인가요??,0,0
555,몇시간 동안 그렇게  밀리고 난리가 나는데 ... ?가게가 바빠서 정신 없었겠지만 ..   최소한 두세명 나와서  신호수 라도 했다면  참 안타깝습니다  대통령   서울시장  국회의원   경찰 등 다 문제지만,0,0
556,이태원 상가들은 끝 났다.이태원에서 상가들 사람들이 먼저 신고하고 유도봉 가지고 질서를 확립 했다면 사람들도 이해 하지만 사람들이 밀리던 죽던 판매만 하던 사람들이 이제 당할차례.. 이태원 근처는 사람들이 가지않고 썰렁하고 임대만 나올뿐이다. 상가로 보면 연말상가집이고 사람들로 보면 다른곳으로 가면 그만이고 아무튼 몇년이 지나야 50%도 복원 그리고 빨리 상가접는 사람이 성공 버티기 하는 상가는 답 없음. 내국인.외국인 전멸.. 과연 누가 소비를 할까.. 방송에 계속 나오는데...,0,0
557,그러게 각종 이벤트 유튜버 1인미디어 홍보하면서 사람 모이게 해놓구선.. 자신들이 축제를 만들었으면 책임을 져야지.. 돈만 쏙 벌고 빠지려 했으니 ㅉㅉ.. 그렇게 이태원 할로원 노래 부르던 1인미디어 인간들 입 닫고 있는 모습이나 니들이나..,0,0
558,전날부터 사고전 4시간 동안 돈 버니 좋았지... 사람 그렇게 몰렸는데.. 그 지역 제일 잘아는 인간들이 구경만하고 더 들어오라 노민 저었지.. 뭐 일방통행.. 니들이라도 나와서 했었어야지 위험한줄 알았으면.... 사실상 축제 민든 간 너희들이지 해마다..,0,0
559,2찍의 후폭풍입니다,0,0
560,150여명이  사망한곳에 가서  술마시고 놀고 이런게  제정신이 아닌거지.,0,0
561,이태원은 안가는것이 압사사고 없을거예요 상인들이 장사안되서 아쉽지만,0,0
562,"솔직히 상인들이 제일 나쁨. 통제, 책임은 경찰, 정부에게 떠넘기고, 본인들은 돈 빨아먹는데만 급급했잖아. 쎄하다 싶음 자치적으로 상인들이 통제했어야지. 미디어에서 언급 안하니 입꾹에다 징징거리고 있네 ㅉㅉ 응?? 사람들 다 알고 있다~~ 게다가 사망자 속출하는데 댄스음악 틀고 있고, 건물 안으로 못드가게 막아?? ㅉㅉ",0,0
563,사람들이 죽어나간 지역에서 유흥이 되겠니?안탁갑지만 어쩔수없지이젠 이탠 끝인듯하다,0,0
564,거길 머하러 가? 또 사고 나게? 무서워서 안가는게 좋음홍대로 가는게 낫지,0,0
565,"저기 상인분들은 인터뷰 하는거 보니, 책임은 경찰에게 있다는듯이 말하던군요. 그 기간동안  수많은 인파덕분에 매출로 돈은 벌었을텐데...  돈은 본인들이 벌고, 책임은 경찰과 공무원이 져야 하는게 과연 맞는지.....",0,0
566,위로를 강조하진 않지만 놀리는듯한 댓글들 토악질 나옴.,0,0
567,당연한 귀결. 사필귀정.,0,0
568,이태원 얼른 다  팔고 런하세요 ~,0,0
569,이태원 참사로 죽은사람은 걱정안하고 상인 니들 밥줄끊어졌다고 징징대냐?몇달이 지났니? 몇년이 지났냐?이태원 상인들 졸라 이기적이네,0,0
570,이태원창사에대한 상가번영회는 100%책임에대한 어떠한 입장도없다,0,0
571,아이 꼬시다,0,0
572,남들 안갈때 가서 즐겨몰릴때 가지말고,0,0
573,이태원 상권으니 한 20년간  끝났다고 봐야지. 임차인은 나가면 그만이고.,0,0
574,이태원 문닫야될때라고 본다.,0,0
575,불결하게 거길 왜 가? 참사난 자리에서 먹고 춤추라고? ㅉㅉ 다들 보따리 쌀 준비해라~,0,0
576,평생 잘먹고 잘살줄 알았냐,0,0
577,무능한 구청장 하나가 세겨적 명소가 될수있는 이태원을 박살을 냈네,0,0
578,젊은 애들이 죽어갈때  왜주변  건물에서  문을 개방안해줘냐????  그래놓구 장사 타령하는거니?   유가족들은 마음은  ?,0,0
579,이태원은 추모공원세우고 역사속오로 사라져야될듯합니다,0,0
580,또 몰릴까 봐 꺼려지지,0,0
581,이태원참사얘기더하지맙시다..어차피 묻힐꺼기때문입니다,0,0
582,이태원 참사로 해서  상권이 죽어나가는것도 문제지만  서울시나  용산구청에서  다시 회복할수  있는 먼가 방안을세워야 한다고  봅니다..   한마디로   관광특구라는곳을  재개발해서  다시태어나는  이태원으로  만들어서   사람들을  오게 해야지  저렇게  방치하면  폐업하는 사람들만 생기고  보기도 안좋고   처참한 현장만 남아서  다시는  쳐다보는 사람도 없지 않을까  싶네요//오세훈 시장은  자기 본분을 안다면   이태원 관광특구 지역을  살리는 방안에 대해서  다시한번 모색을 해서 강구해야  시장으로서 책임을  다하는게  아닐까요..추가로  죽은 사람들에 대한  위령비라도  세워서  다시는  이런일이  안생기게   해야  되지 않을까 하는   그런생각도 해봅니다..//...,0,0
583,이태원 해밀턴을 비롯해서 그 일대 클럽거리는 영구폐쇄하자. 어차피 마약소굴. 악의 소굴이었다.,0,0
584,이태원 참사 전에는 수천 수억씩 벌다가 참사 난지 이제 한달째인데 우는 소리하네 ㅋㅋㅋ,0,0
585,이태원폐쇠가답이다,0,0
586,유가족들은 이태원 거리 상인들에게 보상금을 지급하라 !!!!!!,0,0
587,나는 오래전부터 내 딸에게 저런곳 얼신도 못하게 합니다. 전세계 어디에도 마약과 술에 취해 범죄의 유혹이 가득한 거리에 놀러가라고 하지 않습니다.,0,0
588,언론 좀 사기좀 치지마라 사람들 없을때 찍어놓고 너무하네,0,0
589,"2찍들이 책임져야지.윤석열이가 행안부장관 이상민과 경찰청장에게  경찰들 3.000명을 배치하라고 명령만 했어도 이 사달이 났겠냐? 오롯이 윤석열 지만 지키라고 경찰 부대 2개를 용산에 배치했으니,어찌 국민들 생각을 하나도 안하냐?",0,0
590,윤석열찍었으니어쩔수없지요다 자업자득입니다,0,0
591,이태원 사고의 죽음을 어떤 인간들이 설계해서 티비 출연하고 큰돈 벌고 막강한 권력을 쟁취할 것인가,0,0
592,선거한답시고 돈을 막 뿌려더더니 정작 필요한 곳에 지원도 못하게 된거지..,0,0
593,술처먹고 놀다가 죽었는데 이걸 이태원 상인들이 피해 다 보네 감성팔이 언제까지 할거냐 누가 보면 나라를 위해 희생한 줄 알겠다,0,0
594,이러다 나라망하는거 아냐? 경기도 안좋은데파업들은 계속하고 대채어쩌자는거야!,0,1
595,이제는예전의이태원이아닌가보네요다들무서워서인가요호령들을위로하는위령제라도해야하는거아닌가요?,0,0
596,3개월 지나면 다 잊는다.그동안 이태원 상인 지원이나 해줘라이태원갈놈은 가고  ..인생 살놈은 살고그런거지 ..아직도 추모공간 있다는건정치적이용임 ㅋ,0,0
597,김건희 윤석열이 용산타령 할 때 부터 이태원은 끝난거다. 미군부대이전으로 힘든데다 겨우 특화지역으로 몇년 간 공들인것이 용상궁에 이태원대참사로 완전한 폭망이다.  상인들은김건희 윤석열 한테 민사소송을 하라..,0,0
598,눈 앞에서 사고 목격하고 많은 업주분들이 문열어 도와주었음에도 큰 사고를 막지 못했으니 얼마나 마음이 아플까요.사고를 당한 분들도 그곳에 가기 힘든 장소를 매일 나가야 하는데 오신 손님에게 당연히 해야 할 말도 못하니~~그래도 이젠 생업이시니 기운 차리고 일상으로 돌아오셔야지요.아마 많은 분들도 그렇게 응원할꺼예요,0,0
599,어떻게 이런 비극이... 시간을 일주일전으로 되돌리고싶다.. 제발...,0,0
600,자영업자분들 힘내세요,0,0
601,어서 빨리 서울 이태원 회복하시길 바랍니다,0,0
602,힘내세요,0,0
603,이태원이 바뀌어야 합니다. 골목과 상가도 안전을 위해 재정비해야 합니다. 좁은 골목에 과도한 인파를 모이게 하지말고 예약제나 허용인원등을 미리 정해서 안전한 축제를 만들어야 합니다.,0,0
604,그저 하나의 관광 및 번화 상권에서 저런 비극이 일어났다는게 아직도 도저히 믿겨지질 않음.,0,0
605,사고가 일어난 골목에서 행정처분도 무시하고 불법증축을 한 업주만큼은 절대 봐주지 않고 처벌받도록 상인 여러분도 협조 바랍니다.,0,0
606,이태원은 좀 정화되어야 한다.,0,0
607,책임져야 할 사람들은  죄를 회피하고  잘 사는데.죄없는 상인들과 시민들만 미안해 한다.,0,1
608,사람이 많이 와야 손님이 많을텐데 사람들이 예전 보다 오지도 않고 문 여는것도 힘들고 힘들겠다 먹고 살아야할텐데,0,0
609,동물도 낑겨죽진 않아 ㅠㅠ,0,0
610,한창대목일때 이런 불미스러운일이터져서..받는가게나 오는손님이나 마음은한가지일것.상인여러분들 힘내시길~ 시간이약이라잖아요.,0,0
611,"솔직히 많은 시간이 필요할 것 같아요.. 예전처럼 놀려다니기에는 또래의 고인분들 생각나면서, 나처럼 놀고 다니고 싶을텐데라는 생각이 들어서..",0,0
612,배달을 해야하는 이유지 사람들은 집에있을때가 진짜모습,0,0
613,내년부터 괜찮아져서 괜찮아진다음 또 할로윈데이열면 또 반복일상이지...... 어쩔수없는 현실이다......... 안타깝지만 이태원은 이제........,0,0
614,아?어쩌나ㅠ그래도 산 사람은 살아야지ㅠ,0,0
615,이번 기회에 이태원 재정비가 필요함..지형 자체가 어딜가도 울퉁불퉁하고 경사도 심하고..이태원가면 해밀턴 호텔보다 좁은 골목 널리고 널렸고 게다가 가게 입구가 사람 키보다 작아서 숙여서 들어가야 되는 곳도 한 두 곳이 아님 사람많고 지형 별로여서 어쩔수없이 갈때마다 진짜 가기 싫은 동넨데..이 생각만 했었는데..이젠 가지도 못할 거같네,0,0
616,앞으로 이태원에선 매년 핼로윈 말고 추모 행사를 하길 바랍니다.,0,0
617,이태원은 워낙 핫플이 많아서 금방 회복되긴할텐데 문제는 사고발생현장의 영업장,0,0
618,옜날에 인천의 라이브화재사건이 있었죠....학생들이 수십명 사망했고 참사가있었습니다 그사건이후로 동인천의 상권이 그전과 후로 나뉘어서 많이 무너졌습니다 그것도 역시,0,0
619,평화와 예술의 거리로 바꿔야 될듯.. 이제 더이상 축제의 거리로서는 받아들이기가 쉽지않을거 같아요..,0,0
620,지금 반대로  압구정동이 더 미어터지고 있습니다   ㅡㅡ이태원분들 힘내세요 코로나 기간도 엄청 힘드셨을 텐데,0,0
621,이제는 좀 힘들지 않을까요. 죽어도 너무 많이 죽어서 충격이 평생 갑니다;; 저기서 놀 생각이 1도 안납니다 죄송하지만 평생 안갈듯 합니다.,0,0
622,죽음의 거리 이태원 156명의 원혼을 달래주기 바란,0,0
623,그러게요. 이태원 한번도 안가본 나도  몇날 몇일을 잠을 못자고 있고 하루에도 몇번씩 울화가 치밀어  죽겠는데  또 뉴스를 들으니  눈물이 납니다.  어떻해야 할지,0,0
624,ㅜㅜ,0,0
625,제대로 통제만 했어도 그런일 안 일어났을꺼고 할로윈 특수에 크리스마스까지 매출 올리면서 다들 즐겁게 달렸을텐데,0,0
626,축제 참여 안한 사람도... 사람 많은 곳 갔다가 사고 날까봐~ 걱정되네요!! 정부 원인 파악을 철저하게 조사하고 다시는 이런 일도 없을거라고 안심을 줘야하는데ㅠㅠ그러지도 않고!!!,0,0
627,낮에가니 없지 밤에는 예전만큼은 아니지만 여전하다,0,0
628,이태원에 다른데 가능하겟지만 사고지점은 힘들것다 당분간,0,0
629,이게 무슨...오랜만에 상권살아났는데 이태원이...저기 상인분들도 너무 안타깝다....잘만 대처했으면 미리 대비만 잘했으면 이런일 없었다고 본다 휴.....,0,0
630,애꿎은 상인들만 불쌍하지 진짜 진짜 피해자는 상인들이다,0,0
631,시간이 치료해 주겠지요.. 차분하게 기다립시다.. 억지로 말고.. 집주인들은 월세좀 깍아 주시고..,0,0
632,이미 코로나로 상권무너졌는데 이번일로 완전 박살날듯,0,0
633,코로나로 힘들고 이제 이태원 비극까지 자영업자들 너무 불쌍하다,0,0
634,"지금 생각해보니까 150명 와,,, 진짜 무섭다",0,0
635,저 근처에 갈 일 있으면 들릴 수도 있겠지만 예전처럼 저기서 웃고 떠들며 춤추고 놀 정신을 가진 사람이 있을까요? 이태원역 말고도 서울에는 먹고 마실 만한 곳이 널렸기 때문에 굳이 이태원역을 고집할 이유는 없습니다.,0,0
636,결국 시간이 약,0,0
637,오늘이태원다녀왔는데 토요일이라고는믿기지않을정도로한산했습니다떠나간이는 좋은곳으로가길 소원하고남아있는 이들은 마음추스러고 다시일어서길 소원합니다,0,0
638,"자영업자들 도로법 준수해야할 것 같습니다. 앞에 테라스나 가벽, 튀어나온 간판들이 유동성을 방해하고 혼잡도를 높이고 있어요. 그리고 특정날 밀집도 분산을 위해 이태원 역을 폐쇠했으면 좋겠네요.",0,0
639,그알 보니깐 T자형 길에 만명이 넘는 사람이 움집했다고...,0,0
640,에휴 살 사람은 살아야지. 그만 슬퍼하고 다시 장사해서 상권 살아났으면 좋겠네요!,0,0
641,몇명 사망사고난걸로도 상권 죽은경우도 있으니말도 안되는 숫자의 사망사고라.. 약속장소로 회피하고 싶을거 같네요.,0,0
642,이게 결정타일껄... 이태원은 외국인은 모르겠지만 내국인은 아무도 안갈듯.. 나부터도 절대 안감,0,0
643,안타까운 난리를 누가.,0,0
644,상권 개박살 난거지 어쩔수가 있나,0,0
645,상인들이 무슨 죄가 있나..,0,0
646,근데 이번에 사고와 상관없이 이태원은 좀 자중해야한다. 밤에 가보면 이거리에서 20대애들 웃통벗고 문신 들어내고 음주에 소리지르는데 너무 타락했다. 무슨일이든 정도가 있다.,0,0
647,상인들이 미안한이유 : 1.장사 방해이유로 경찰배치 자제할것 요구 2.불법증축물로 구간 정체 유발 살인방조죄,0,0
648,"""누가 더 슬퍼하나"" 대회 개최",0,0
649,어쩌면 할로윈 없애려고 방치 했다는 소문이 맞을 수도...,0,0
650,진짜 이게 추모하고 몇일씩. 나라가 이렇게 해야되나 이해가안된다 난,0,0
651,결국 시간이 해결해주겠지만... 자영업자 입장은 안타깝네요... 매년 추모의 공간을 만드는 건 어떨까 싶기도 합니다.,0,0
652,이태원쪽으로 차타고 지나다니기만 했어도 이젠 이태원쪽으로 가지도 못하겠는데...,0,0
653,"시민들이 슬픔도 공감하지만, 나 혼자 길을 걸을때 내가 친구랑 생일 축하 식사하러갈때 주최가 없다며 나를 국가가 보호해주지 않을꺼라는 공포, 경악",0,0
654,몇명의 악마들 욕심때문에 다수가 피해보고 죽어나가네...,0,0
655,이태원 상권 죽게생겼네요. 이태원에 놀러가는거 좋아했는데 더이상 이전의 이태원이 아니게 되서 착찹합니다,0,1
656,막말로 내 가족이 죽어도 3일이면 일상으로 돌아가는데... 쌩판 얼굴도 이름도 모르는 사람을 위해 저렇게까지 한다는게... 대단하다...,0,0
657,나라 지키다 연평도에서 죽은 군인이나 천안함 전사자들 때문에 여름에 바다도 안갔을까?!,0,0
658,내심 궁금하네,0,0
659,코로나때 게이클럽사건으로 이태원 망한줄알았는데 노마스크되고 사람이 많이찾으니까 또 사건이… 상점인들도 참 힘들듯,0,1
660,사람들 실려가는데 노래틀어놓은 자영업자들은 반성합시다,0,0
661,코로나 때문에 3년이나 장사도 안되고 이제야 뭘해보려던거였을텐데.....,0,1
662,이건 애초에 용산구청이랑 용산경찰서가 계획을 못세운게 문제였다...하지만 웬지 그럴수밖에 없는 이유가 있는것 같은데...,0,1
663,몇주만 지나면 다시 이태원에 흥이 차오를 꺼다. 대한민국은 그런곳이다.,0,0
664,뭐든걸 다 집어 삼켰네 ..트라우마가 너무 크다,0,0
665,레고랜드 사태에 이태원 참사에...정부의 무능력이 역대급이다,0,0
666,그렇지.. 한두명도 아니고… 많은 인원이…,0,0
667,난 상인들도 이해가 안된다.. 거기 상인회에서 주최측이 되어도 됐을텐데 상인회도 한 집단이였는데.. 할로윈으로 큰 이득도 봤고 쩝 어쩔 수 없지 망해도.. 전국에 망해서 사라지는 사업자 수가 얼만데..,0,0
668,어휴 앞이 깜깜하네 저길 어쩌나,0,0
669,경찰배치하면 장사안된다고 난리친 상인들...,0,0
670,하루가 한달 같고 한달이 1년 같다.,0,0
671,[악취를 계속 맡다보면,0,0
672,어느 순간 둔감해지고,0,0
673,힘내세요,0,0
674,지원금을 주변 상인들에게도 나눠줬어야지...,0,0
675,그만좀 할때 안됬나?? 놀러가는것도 자유고추모하는것도 자유인데 무슨 강요하는 분위기라서 싫음뒤늦게 압사사고 나니까 행동 바뀌고사람의 간사함의 끝을 보여주는거 같아서더 꼴보기가 싫음 서비스업 오래 일해봤고 술마시고 개판치고 통제안되는 인간들아주 많이봤는데 깨끗한척 하는 인간들 보면혐오 엄청나게 됨...그리고 1주일이 지났는데도 누구 책임이냐고 저격하고 잘못 따지고 그만했으면 좋겠다죽은 사람은 돌아오는것도 아니고 책임 따져서 뭐하게 미래에 뭐가 바뀐다고 생각하나절대 안바뀐다...  바뀌었으면 사고가 났을것 같음?많은 참사들이 일어나도 잠깐 한달 두달 이슈화되다가 잊혀짐... 같은 실수 반복하는게 인간인데,0,0
676,자영업자들 입장에선…. 코로나 3년 버티고 이제 괜찮아지겠지 했는데….이런 참사가…,0,0
677,저기 가게 손해가 많겠네,0,0
678,기억하겠습니다.대통령 윤석열행안부장관 이상민서울시장 오세훈경찰청장 윤희근용산구청장 박희영용산경찰서장 임현규꼭 대가를 치르게 해야합니다.,0,0
679,불법증축해서 길이 더 좁아지게만든 가게나 레스토랑들은 반성해야지,0,0
680,솔직히...이제 저렇게 위험한곳인데...가고싶지는 않네요...ㅜㅜ안타까워요..,0,0
681,죽어야할 인간들은 따로 있는데 엄한 젊은 사람들만 죽었네,0,0
682,상인들이나 당시 인근에서 목격자들이나 경찰 소방관 분들 다들 심리치료 같은거 받아야 안됨?,0,1
683,상인회에서 경찰배치 줄여달라고 했다고 하더만,0,0
684,유흥즐기다가 잘가셨습니다,0,0
685,저게 슬픔 강조아니냐.... 슬픔은슬픔이지만   산사람들은  살아야지  ...... 굶어죽어 그럼....,0,0
686,이태원은 안죽는다 외국인도 있고 어제도 저녁에 사람들 많았다고 함,0,0
687,슬픔을 강요하지 마세요.,0,0
688,사고는 위에서 치고 왜 고통은 아래에서 겪어야 하나...언제까지..,0,1
689,상인들도 미안하다 하는데...,0,1
690,이태원 상인들은 먼 죄인가..,0,1
691,"죽음을 이용하려는걸 넘어서,직접 죽이고 그걸 이용하려는 광기어린집단이 세계적으로 있었나이게 사실이면 진짜 선넘은듯",0,0
692,안전요원 경찰없다고 거기서 질서 안지키고 사람들 밀던 수만명의 악마들 하나도 안슬퍼할텐데 괜한 국민들만 고통이네 그것들 부상하나없이 죄책감은커녕 무슨 전쟁에서 살아남은 영웅담 이야기하듯 잼있어할텐데,0,0
693,유가족도 힘들지만 상인분들은 생계가 위험,0,1
694,상인들은 먼죄냐 ㅡㅡ,0,1
695,이태원은 메모리얼 공원으로...,0,0
696,상인들도 큰 트라우마가 있을듯요 ...,0,0
697,안타깝지만... 생계 유지해야지요..,0,1
698,마음이아파서가아니라 한심해서안간다ㅋㅋㅋㅋㅋ,0,0
699,모 클럽은 사람 못 들어오게 막았다며? 그런 가게를 누가 도와주겠습니까?,0,0
700,니 그들 가게  사장들이  조금만 안전에 신경쓰고 사람들 위험할까봐 인간적으로  가게 들어와  좀 쉬고 가라고 들여 보내주면  그 나마 사망자 50%는 줄였을 거다. 돈만 보다가 망하는거야,0,0
701,이제다시 코로나 끝나고 재기해보려는 영세자영업자분들 참...이중으로 힘드시겠네..이 모든 책임은 누구의 것이란말인가...죽은자들이 가장 가엾지..남은 가족들..그리고 이렇게 불똥  튄 자영업자분들 하루만 영업  못해도 타격이 클텐데..절대 있어선안될  일이 벌어져 가슴아프다,0,0
702,위험할 때 문 열고 적극 도와주지. 문 닫고 못들어오게 한 가게도 있다던데.,0,0
703,이태원 놀러갈 계획이 있었는데 사람이 무더기로 죽은곳에 무슨기분으로 가겠어요,0,0
704,놀러갔으면 안전은 본인들이 챙겨야지.....,0,0
705,슬픔을 강요하는듯 하다...희한하네...,0,0
706,주로 이태원에서 놀았는데 이제 좀 가기 그런건 사실이지,0,0
707,뭐  얼마나 가겠어요^^ 저기 항구 같은데는 착한척 위선떠는 인간들이 일부러 찾아가야 하지만 이태원은 그냥 정상적인 인간들도 돌아다니는 곳이잖아요 금방 다시 장사 하실수 있을꺼에요,0,0
708,무질서함의 비롯된 사고로 이태원 자영업자들 그냥 생계를 붕괴시킨거나 마찬가지,0,0
709,156명이 죽었죠.... 한두명도 아닌... 중상에서 회복하는 사람도 아직 있고.. 극복이 가능할지 아직까지도 배타고는 제주도 못갑니다..,0,0
710,저 업주들 어떻합니까!월세도 비싼데!참...,0,1
711,디지는 방법도 가지가지고 민폐도 참 할말이 없다 한심해서 혈세 아까워디지것다,0,0
712,그나마 다행인건 국민성이 떨어진다는 상황이겠죠. 몇년 뒤에는 완전히 회복할겁니다.,0,0
713,몇몇 소수의 뇌가리 우동사리들때문에 엄한사람들만 마음의짐이 생긴듯...,0,0
714,미리 경찰에 도움을 적극적으로 요청하시지..,0,0
715,사고안났으면 좋다고 장사했겠지몇년째 사고날거같았으면 상인회서 대책을 마련했겠지사고난뒤에 또오라고 못하겠다고?누가가냐 거길,0,0
716,이태원 상인들도 대참사네 가게유지비 어캐함 가정있는사람들도 많을텐데,0,1
717,"불법 증축, 무허가 건축물들 방조묵인한 상인회의 책임부터 먼저 따져라",0,0
718,참사 났을때 문 안열어서 사람들 압사 당했다더만,0,0
719,놀다가 그리된건데 피해는 왜 상인들이 져야하나,0,0
720,가장 큰 책임은이태원상인들!!!돈에 눈이 멀어...,0,0
721,이태원은 대대적 재정비를 해야  편히 다니지않을까  싶네요,0,0
722,용산구청장부터 사퇴시켜야함,0,0
723,이태원은 낮에는 한가한데 -_-;;;저녁에 가서 취재 했어야지 말이 더 될거 같은데,0,0
724,사람들이 떼로 죽은곳에서 놀고 싶을까..나중에라도,0,0
725,"상인들도 잘한거 하나 없음. 불법 좌판은 말할것도 없고,  매년 반복되는 행사에 돈벌 생각만 하고  상인회 차원에서 적극적인 행정요구나 자체적인 운영요원 배치도 없음.",0,0
726,웃기는건 대참사가 나서도 사람들이 죽어나가고 있는데  노래틀어 놓고 새벽까지 영업을 하고 싶을까~  인파가 그리몰렸을 때도 뭐들 하셨는지~  사고 나서도 장사하기 바쁘시지 않았나요,0,0
727,좀더 질서를지켰어도 사고나지않았을텐데,0,0
728,눈깔로 상황을 봤을텐데 그 요란한 음악이라도 껏으면 뒤로가달라는 손짓을 밀라는 소리로 들어서 깔아 죽은건 어떻게 생각하냐? 상인들 책임 없다고 생각하나? 상인중에 119 112 신고하고 살리려고 한 놈들 몇이나 되는지 되묻고 싶다.,0,0
729,"지역 소상공인분들.. 지역 경제가 심히 걱정되실 듯 한 점 공감합니다. 그러나 형평성을 고려해 봅시다.정부에 등록 안 한 축제면 소상공인 여러분 스스로가 지역 축제 안전에 책임질 정책 만들고 관리할 의무가 있습니다. 예를들어 제가 현대자동차 다니는데 ㅡ 대전 영업장에서 정규 본사발 캠페인도 아닌…. 영업장 자체 크리스마스 이벤트를 하다가 안전 사고났습니다…. 이건 대전 영업장 책임입니다. 전국 몇백개가 넘는 각 영업장의 할로윈 이벤트를 정의선 회장에 미리 보고할까요? 큰 조직 생활 해 본 사람만 알 수준인가요? 보고 안되죠.만약 대전 영업장이 지역구 영업장한테 사람 몰린다고 안전 요원 추가를 요청했다면… 충청도에서 수습을 하겠죠.대전 영업장에서 크리스마스 이벤트 사고 낸 걸로 현대자동차 정의선 회장 자르고, 기간사업 이끌던 R&D 남양연구소에서 하던 미래차 사업이나 미케팅, 제조 공장, 부품 하청사며 해외에 나간 밥인 대리점에 뿌려놓은 정책은.. 다 흔들리고 변할텐데… 그룹사 계열사 하청만 몇백개인데 거기 딸린 가족들…  몇십만명 몇백만명에  ㅡ 대전 영업장에 피해금 갚아야 한다고 월급 줄이는 부정적인 영향 줄까요?? 그리고 사고 예견 했다면서 ㅡ 왜 안전한 수준으로 입장객 제한 안 한건지? 죽어가는데… 음악 안 끄고ㅡ사람 죽어가는데 술 판건지ㅡ?모순입니다… 전 이 대목에서…. 직장인으로서 말의 앞뒤가 안 맞는 것 같습니다. 유리지갑 직장인들은 밀어ㅡ밀어ㅡ 한 고의 사고에 저희 세금 들어가는 것 반대입니다. 사고가 예견 가능했었다면 안전한 수준까지만 받고 돌려보던지 귀가하라고 했어야죠..! 그 업주들은 죗값 받아야 합니다….그래야 이태원 소상공인들도 이성적으로 정화시킬 노력은 한다고 공감 받을 수 있습니다.이성적으로 공감 받을만한 행동 안 하면이태원 안 갈 겁니다.",0,0
730,정부 책임.경찰책임.시민책임슬프다  생각  안함,0,0
731,왜 참사 트라우마를 이태원 인근 상가 사장님들과 국민들이 가져가야 하는건지..,0,1
732,저분들도 트라우마 엄청 오겠네,0,1
733,어느행사를 가는데 몇만명이 모이는지 대책이 있는건지 언덕이 있는지 그거까지 찾아서 가야 됩니까? 내가 가는 길목에 사람이 얼마나 모였는지 파악하고 뭔 일이 일어나겠구나 하면서 의심해야 돼냐구요.. 이게 2022년에 생길일이냐고..,0,0
734,확실한 문제를 파악하고 다음부턴 미국 일본 태국등 주체자 없는 행사때 그 나라들이 어떻게 경찰력을 동원하는지 보고 배워라.이태원에서 다시는 비슷한 안전사고도 일어나지 않게 관리한다면 다시 시끌벅적하고 재밌는 거리로 바뀔거다..,0,0
735,인간적으로 다들폐업하세요 시체 무덤서 무슨 술 제사음식을 팔겠다고술파는 상인 잘 못이 제일커요,0,0
736,앞으로 최소2년은 이태원은 슬픔에도시다 사람들 인적 다끊길거다,0,0
737,이태원의 죽음의늪,0,0
738,멀쩡히 장사하던 상인들만 개고생길 ...,0,1
739,어차피 또 내년 되면 잊히고 또 반복되겠지,0,0
740,이랏쌰이마세~!!!!,0,0
741,가게내놔야지 뭐 ㅠ,0,0
742,저기서 술 먹을만큼 술맛 나겠냐고 길거리에 국화 꽃들 누여 있는데...글고 산 사람은 계속 살아가야 하니 결국 장사 해야하는데장사가 잘 되겠냐고... 결국 시간이 흐르면 상인들 피해로 번지겠지.참 아이러니 하네. 그렇다고 저기가서 술먹으면 골빈애들 이라고 욕하는 녀석들 분명 있을거임사람 150명 죽었는데 술이 이태원에서 넘어가냐 이런식으로,0,0
743,"어떤놈은 내 잘못 아니라고 우기고 있고, 선량한 국민은 죽어나가고 있고, 이게 나라냐?",0,0
744,상인회 장사안되니까 경찰 오지말라고~ 실화냐 사람이냐,0,0
745,코로나에서 벗어나니 이태원이 힘들게하네,0,1
746,저러고 1달에서 2달 지나면 언제 그랬냐는듯이 그냥 백지처럼 돌아간다.남자들 군대 전역하고 빨래도 해주고 청소도 하고 공부도 하고 계획만 주구장창 세워도 그게 일주일만 지나면 다시 전역전 모습으로 돌아간다.,0,0
747,사람죽어나가는데 cpr하고있는데 음악빵빵하게 틀고 자빠졌더만? 제정신이냐?그리고 다들춤추고 취하고 노래부고 극혐 20대,0,0
748,가게열면 죽일놈 만들어버리는 분위기 조성하는 것들이 문제지...,0,1
749,이태원 장사꾼들 천벌받았네 안됬지만 난 평생 거기가서 놀진못할듯 ㄷㄷ지금이라도 이태원 버리고 다른곳에서 장사하시길.........,0,0
750,트라우마 때문에 밥먹으러도 못갈듯 하다...,0,0
751,진짜 제 정신으로 살기 어렵다,0,0
752,철거하고 아파트나 지어라,0,0
753,저길 어떻게 가냐,0,0
754,언론도책임에서자유로울수있냐?방송사도무한책임져라! 그렇게할윈 홍보하고취재하고방송보도했으면서사고예견할수있었는데방송사들은뭐했냐?,0,0
755,150명피해에서피해가 몇만명늘어나겠네요,0,0
756,이태원 망하는게 나음. 술 약 성범죄 바글바글ㅡㅡ,0,0
757,갑자기든 생각인대 이태원 뜨고이태원 건물주들,0,0
758,상인 들   가정   팔 이존~ 나 하내 ~,0,0
759,이태원 철거해라 출입 통제해라,0,0
760,오랫동안 이태원에서 할로윈은 못하겠지...구청장 이런게 현상이냐;,0,0
761,상권 안그래도 죽었는데 더 죽을듯...,0,0
762,이태원 절대가지마라100명이상 죽은땅이다.부정탄다,0,0
763,사실 사고현장보면 기분이 안좋다. 이태원사고당한뻔 사람들은 다시 갈까 다른데 갈때 천지인데.,0,0
764,상인들에 비해 건물주는 어떤식으로 반응할지용산구청장 썅뇬 건물도 있던데,0,0
765,시간이 약 3개월 지나면 백지,0,0
766,코로나 때문에라도 저 장소는 가지 않는게 맞는 거였다 애초에.불과 작년만 해도 식당에 5인이 되네 4인이 되네 이러면서 거리두고 살았던 거 생각해봐.그래도 행여 인원수 조금이라도 넘기면 무슨 개념을 어디 쳐박아두고 사는 말종 취급 했던게 거리두기 해제하면서 자유로운 영혼들이고 막 그래?뭐가 맞는 지 순서는 적어도 따져라.그 말이 맞다면 데모고 책임 추긍이고 그 때 해도 안 늦어 ㅉ,0,0
767,한 달만 지나면 싹 잊고 또 흥청망청 할테니 쓸데없는 걱정은 안해도 될거다.,0,0
768,가슴아프지만 가게 운영해야 먹고살죠 기운내세요 에휴 .....,0,0
769,이태원...이제 끝났지...뭐... 사람들이 맘에 걸려서 저기서 뭘 먹고 놀겠어...,0,0
770,전부다 이익 욕심 공무원의 무능함 때문임.전부다 사람이 사람을 해친일임,0,0
771,상가 가게 월세는 국가에서 내주나요? 아시는분만 답변좀,0,1
772,자영업 상인놈들 감성팔이 역겹네 진짜 어휴 적당히 해라,0,0
773,참사의 피해자와 가해자가 같이 있는데. 누굴탓하는건지.. 그냥 누굴 탓하고싶은거겠지,0,0
774,상인들은 힘들겠지만 어쩔 수 없다 156 명이 살려달라고 절규한지역이다 어떻게 밥을 먹고 히히락락 할 수 있을까 저지역은 그냥 패스해라 속이 울렁거린다 영혼들이 힘둘어 한다 그냥 상가들은 접어라 비석세우고 앞으로 두번다시 안일어나도록 해야된다 가게를 열다니 나같으면 포기한다 다시 애들모아서 멀하겠다고 ㅠㅠ,0,0
775,돈벌라고 불법증축한 놈들 먼지까지 탈탈 털어서   세무조사좀,0,0
776,1주일이면 명동 무너질 때 웃던사람들이 희생자들 감성팔이해서 회복하려는 생각할 때 됐지,0,0
777,먼 피해자 가족들도아니고 힘들어 해쌌냐?그렇게 힘들면 힘든만큼피해자 가족들위해 기부하던가눈물난다 어쩐다말로 아주 지랄똥을 싸네,0,0
778,돈쭐내러가주죠.,0,0
779,방종의 끝판왕 이태원 패쇄해라...,0,0
780,왜 상인들이 피해를 입어야하노,0,1
781,이태원 이제 재개발 할때도 된거아니냐,0,0
782,150명이 죽었다 죽은사람 도와주지말고 저지역 안전진단 불법건축물 단속 철거 & 재개발 해서 골목길 안전하게 바꿔라 레고랜드 50조 200조 보다 돈 안든다,0,0
783,월세 개비쌀텐데,0,1
784,천공의 계락.,0,0
785,밀어 밀어 밀어  시민의식이 중국보다 못해서벌어진일,0,0
786,망자들의 영혼이 떠도는 곳에 가서 술먹지 마라,0,0
787,그니까 투표를 잘하셨어야죠,0,0
788,영업해야지 어쩌겠냐   산사람은 살아야지,0,0
789,국가가 이태원을 다 망쳐놨네요..누가 거기가서 웃고 놀수 있겠나요..안타깝네요.,0,0
790,군인들이 사고나거나 다쳐도 애도기간은 커녕 보상도 안해주는데 놀다가 다치거나 돌아가신분들은 애도라....ㅋ.. ㅋㅋ,0,0
791,올해 장사는 접어야지 펍이나 그나마 소규모로 가능하지,0,0
792,이태원 명칭없애고 메모리얼파크 조성,0,0
793,이태원 자영업자 지원금 노림수,0,0
794,저기 구간 큰 가게 사람들 들어갈려고ㅠ하니까 못들어가게 했다는뎅. 맞나요??  아니면 말고요,0,0
795,망각.. 참 쉬운 게 망각,0,0
796,"진정한 피해자는 여기 있었네상인분들이 무슨 잘못이고 저분들에게 지원해줘야지 추모하는 사람들에게 왜 지원을 왜 해주냐??놀다가 디졌는데, 놀다가 디지면 정부에서 돈을 주는게 이상해",0,0
797,꽃 팔겠다고 꽃집 문 연 거 답 나오지 뭐.. 저기 가게 한 군데가 문 열면 여론 잠잠해졌나 싶어서 하나 둘 씩 열게 됨,0,0
798,다밀어 버리고  아파트 지어주세요,0,0
799,이태원은 죄가 없어요 할로윈 참사라고 안하고 왜 이태원 참사라고 하나요? 솔직히 다른 동네여도 이랬을까 싶습니다,0,1
800,저것들도 참사원흉이다 사람이 깔려죽을거같으면 문을 활짝열고 대피하도록했어야지 문걸어잠그고 못들어오게하고 게이천국 마약천국 아주더러운 공간이다 싹밀어버라고 공터로 만들어야한다,0,0
801,156명이죽었는데 거길어떻게 가냐 무섭게 ...귀신이있는데,0,0
802,이태원 상권 어떡하냐,0,1
803,막고실 사람들 다 망하겠고만,0,1
804,곧 연말인데 다들  알잖아요 사람 북적일텐데요 뭘..,0,0
805,양심은 있네. 착한분들만 저리 이야기하시지..,0,0
806,그냥 상가 내놓고 건물 철거하는것이 답이다.,0,0
807,불법 증축한 가게들은 다 철거시키세요,0,0
808,반성하는 차원에서 1년간 페업해라,0,0
809,"일선경찰 빼고는 사고직전까지 추가 경찰도 없었고 대표관광지였던 이태원 상권엔 손님도 줄어들고...노는 기동대들만 현장에 빨리 와서 거리인원 교통규제만 잘했어도 이런 비극은 없었을것이다...결국 설마,설마가 악영향이 된것이다...",0,0
810,뭔가 많이 이상한 사고....기획 냄새가...,0,0
811,인터뷰는 못하겠는데가게문은연다?뭔 심리냐ㅋㅋㅋㅋ,0,0
812,해밀턴 호텔 불법 건축물부터 처리해야지,0,0
813,어 열지마~,0,0
814,산 사람은 살아야지 뭘,0,1
815,와 사고나서 이태원 상권 ㅈ됬네,0,0
816,또 오세요 못하기는.. 폐업직전까지 가보세요 그런말 나오는지..,0,0
817,연말되면 다르겠지,0,0
818,아니 이태원이 뭔 죄가 있다고 멀쩡한 사람도 굶어죽일 셈이냐 애도는 애도고 산사람은 살아야지 안그래도 이태원 상권 다 죽었는데 아주 피를 말리네 제발 각자의 방법으로 각자의 자리에서 추모하고 애도합시다 올바른 방법이 아니잖아 저건,0,0
819,좁은 골목은 국가가 땅을 매입해 때려부수고  길을 확장하라  불법 건축물은 강제 집행으로 다부수고 정비하라,0,0
820,비싼 임대료내고 장사하는 상인들이 무슨 잘못이노,0,1
821,냄비한국... 사건발생한지 얼마나 지났다고...,0,0
822,이태원 밀어버리자,0,0
823,근데 저긴 진짜 몇 년간 힘들겠다. 재수 옴 붙어서 누가 가노..,0,0
824,자영자들이 뭔 잘못인가?,0,1
825,왜 자영업자들이 피해를 보는건지 참...지들끼리 놀다 그런걸 왜?3자들이 피해를...지하철도 못나가 길도 못다녀잘못없는 사람이 사과해,0,1
826,"호텔내 사망, 이태원역, 100미터 떨어진 곳서도 동시간대에 돌아가셨는데 왜 은폐 하십니까?헤로인 모르핀 100배 펜타닐(일반 진통제 1000배 치명효과)",0,0
827,와이키키는 안갈걸 같네요.,0,0
828,이자카야가 문만 잠그지 않았어도. 많이들 살 수있었다. 클럽은 대피 도와줫는데 지들은 ㅡ ㅡ,0,0
829,이참에 길거리 정리 좀 해라,0,0
830,상권 망했네..,0,1
831,상제를 왜 뒤집어서 달아요?? 올렸더니 바로 삭제하네요,0,0
832,아마 못해도 3~5년간은 이태원 상권 죽어나겠네요. 죽은 사람도 안타깝지만 여기 상인분들도 참 안타까움.저들 중에 2번 찍은 사람들은 얼마나 더 억울할까,0,1
833,연말장사까지 다 망했네 으휴 ㅜㅜ,0,1
834,할로윈축제 없애자,0,0
835,니네들이 언제부터 그렇게 인사성이 밝았어???,0,0
836,편의점빼고다망하것다,0,0
837,"홍석천, 장사 빨리 접길 잘했다",0,0
838,상인회가 폴리스 라인 줄여달라해놓고 이제사?,0,0
839,정말죄송하지만  150 명이 죽은곳은 흉터 입니다,0,0
840,이미 지나간 일이고 생활은 해야지.,0,1
841,내년되면 또 바글바글할것임 냄비근성 어디가나,0,0
842,그놈의 이태원....그만 좀 해라,0,0
843,상인들은 먼죄냐 ㅋㅋ 통제선 해서머하게 죽은사람들은 죽은거로 끝내야지통제선 쳐논다고해서 죽은사람돌아오냐 사전에 대비햇어야지산사람도 죽일기세네,0,1
844,이x원xx키x여기서 사람들 올라가는거 막고 그랬는데 인스타엔 ㅋㅋㅋㅋ고인 명복비는 포스트 올린거보소 ㅋㅋㅋㅋㅋㅋㅋ,0,0
845,찢이 배후,0,0
846,보상받았다메,0,0
847,짜피 1년후면 개같이 까먹고 다시 야스온더비치 외쳐댈 듯 ㅋㅋ,0,0
848,생과 사는 늘 공존한다산 사람은 먹고 살아야지애도를 강요하는 분위기 마음에 안 드는데 그 정도 애도했으면 됐으니 영업하시죠,0,0
849,망자들의 한이 서린곳. 이젠 다신 이태원 못가겠다.,0,0
850,"정부는 이태원 상인분들 지원금 도와서이태원은 문닫고! 다른곳에서 다시 터잡게도와야하고 술, 마약, 잭스,폭행, 참사의 이태원을 두번다시  이런일이 발생하지 않도록 박물관으로 만들어야한다!윤그네 탄핵이 정답이다!이태원 자영업자 분들 힘내세요ㅜㅜ",0,0
851,밀어 소리친 사람 누구야,0,0
852,kbs는 왜근조안하는지,0,0
853,저렇게 안했다가는 불매운동 당하기가 십상,0,0
854,ㅋㅋ또 죽는소리한다...  사고났는데도 가게노래 틀고 대수롭지않게 대하던 상점들 다 어디감ㅋㅋ,0,0
855,밤에 가봐라. 분명 쿵짝거리고 있을거다. 밤동네에 낮에 가서 뭔 취재를 하나?,0,0
856,몇일 있으면 금방가 먼 난리여 또 냄비근성,0,0
857,이태원 지고 홍대 뜨는건가,0,0
858,이태원 가본적도 없고 ㅋㅋㅋㅋ할로윈 크리스마스 챙길 시간도 없는데 ㅋㅋㅋㅋㅋㅋㅋㅋ 6.25참전용사분들 또는 전쟁 미망인 할머님들 지원하고 있고이 나라에 세금 많이내는 가정으로써재네한테 세금으로 지원해줘야 한다는게 왜 이렇게 어이없고 웃기지?,0,0
859,불법건축물 스피커들 좀 관리 잘해주세요.,0,0
860,그냥 전부 망했다고보면됨 명동처럼,0,0
861,가겟냐 카악퉤,0,0
862,강원래는 잘있나?,0,0
863,저기 싸그리 밀고 추모공원이나 만들어라,0,0
864,내 친구들이 다시는 이태원 얼씬도 안간다고들 함,0,0
865,"한달 후 크리스 마스에는 또 많이 간다는,,시간이 지나면,,,",0,0
866,그니까 적당히해야지 뭔 희생자고 참사고 그러냐 남은 상인들은생각안하나 뒤져마땅한애들 죽은게뭔대수라고 할로윈유공자분들 신났다신났어 ㅋㅋ,0,0
867,저승거리가 된거지,0,0
868,국가나 국민들이 미숙해서 통제가 안될수는 있음 근데 무슨 156명이 사망해 진짜 납득안가네 해외 비슷한 사례를 봐도 다 많아야 수십명대인데 대체 어떻게 그런 숫자가 나오냐,0,0
869,슬픔이 언제 끝날지 모르겠지만 국가를 상대로 영업 손해배상 하셔야할듯..,0,0
870,??? : 훠훠훠,0,0
871,꼭 저 달았는지 안 달았는지도 모를 검은 리본을 달아야 하나요 ㅡ ㅡ 근조를 왜 달면 안되는 거죠??? 어디 법도 인가요??? 나만 이상한가요???,0,0
872,이태원에서 노는건 이해하나 할로윈축제같은건 없애야합니다.,0,0
873,왜 또 저거ㅅ도  세금 부어 뭐만하면세금뿌리는데,0,0
874,갈것들가는겅.ㅓㄱ사다,0,0
875,16명도 많은수인데 160명이 죽었다?이게 무슨 무정부냐?,0,none
876,저긴 못가지.. 덕분에 부동산도 떨어질 듯…,0,0
877,150명이 조졌네,0,0
878,상인들도 국가에서 심리상담 해야할듯...특별재난지역선포해도 무방할정도이네...,0,1
879,지들이 뽑아놓곤 ㅋㅋㅋ,0,0
880,그럼 가게팔든가 아니믄 쳐웃고 일상으로 돌아가든가 선택해 죽은사람은 죽고 산사람은 살아야지 언제까지 애도할래?,0,0
881,이참에 할로윈 없애자,0,0
882,아보카도 오일 각시탈들 때문에 몇명이 피해보는거야..어쩐지 이해가 안됐지 사람이 그리 몰리는데 왜 뒤로 나가지 못하고 앞으로만 밀렸냐고,0,0
883,도대체 저 근조 리본은 왜 뒤집어 다는 건지?? 누가 시켰나?,0,0
884,2찍들아 니네들이 공범이다,0,0
885,한동훈이 마약 수사하러 가겠죠,0,0
886,다 마약수사한다고 윗대가리놈들이 정복경찰 줄이고 거기 가는 시민들을 잠재적 범죄자인냥 취급해서 그렇게 된겁니다.절대로 용서하지마세요. 작년 재작년에도 정복경찰 많았잖아요.. 근데 올해는 많았습니까? 왜일까요? 사복경찰이 대부분이었던 이번 경찰 인원 구성...뭐가 문제인지 생각해서.. 절대로 그렇게 만든놈들을 용서하지맙시다.,0,0
887,놀러가서  죽은거는 애도다 추모다 별 지랄하고 강제 애도기간까지 가지는데 군인 죽은거는 아예 관심도 안가지는 대한민국 클라ㅡ쓰,0,0
888,대한민국엔 핼러윈축제는 없어져야합니다생각들이있으면 내년부턴  알아서들 하겠죠?뭐 몇년뒤면 잊혀지지만요,0,0
889,불법증축 빈번한 이태원 상권 아닌가요?,0,0
890,네???세계각국의 음식이요???어디가요?저기가요??제눈엔 소주파는 곳밖에 안보이는데요??,0,0
891,참 한국인들 갬수성,0,0
892,진심 주변상인들은 뭔 죄냐,0,1
893,그냥 장사 잘 하세요!!!! 이제,0,1
894,저기 상가 싹다 밀어버려야 한다,0,0
895,이태원관광특구연합회와 용산경찰서 조사 좀 해봐라!건질 것이 10000000% 나온다.,0,0
896,이태원 상권 망햇다,0,0
897,슬픈척 애도하는척,0,0
898,땅값떨어지는소리 들리네,0,0
899,솔직히 이제 이태원 상권은 뒤졌지. 누가 저길 권리금 줘가며 들어가겠냐? 그 게이가 신기가 있는지 손 잘 털고 나왔네.,0,0
900,하지마라 ㅋㅋㅋ폐업하던지,0,0
901,"이태원없애고,재정비로깨끙하게!",0,0
902,정부에서 이태원 상가들  영업손실 보상 해주나요?,0,1
903,할로윈 파티가 여러 모로 피해 많이주네할로윈 걍 하지마라,0,0
904,이태원 다신 안감,0,0
905,주접떤다. 언론이 슬픔을 강요하는거지. 진짜 사람들 마음가짐은 언론이 좌지우지 한다니까.,0,0
906,"무능한 정부, 무계획 경찰, 철없는 아이들이 잘못이지 상인들은 잘못없어요.얼른 털고 일어나세요.",0,1
907,못하겠으면 하지마,0,0
908,에휴 주변 상인들만 피해보네요. 뭔 참사가 일주일 지났으면 끝난거지 세월호처럼 몇년가면서 장사가 망할까 두렵네요.,0,1
909,Mbc는 10.29 참사라고 하기로 했데요. 다른 방송국도 지역명은 빼주시길.,0,0
910,그럼 가게 하지마,0,0
911,지긋지긋하다 놀다 죽은게 뭔 자랑이라고,0,0
912,장사 접으세요 그러면감사합니다 또 오세요를 못하겠으면 슬픕니다 다신 오지마세요 이럴꺼냐? 아니잖아,0,0
913,자영업자가 우선이지 ㅋㅋㅋ 돈 많아벌어서 세금내야지 ㅋㅋㅋㅋㅋ 이미 죽은것들은 버려 ㅋㅋㅋㅋㅋ 구급차 옆에서 ㅅㅅ온더비치 부르고 춤추고 목긋고 ㅋㅋㅋ 놀아야 돼 이태원으로 가쟈아,0,0
914,니네도 나라  책임하고 원금좀 달라해라 적자등등,0,0
915,이태원 망했다!,0,0
916,그 마음 금방 없애기 위해 일부러라도 가서 놀 거임 나는 저 분들이 뭔 죄여,0,1
917,세월호도 몇년을 우려먹었는데 좀 경기침체되는거는 민족의 슬픔에 동참한다 생각하고 감내합시다.,0,0
918,이제 이태원 고담시티 처럼 된다에 한표저기 가서 누가 술먹고 놀생각 하겟노,0,0
919,그럼 또오라고하지마세요,0,0
920,참사현장이 유흥주점이라 하면 안 맞지요. 떠나야 하거나 업종을 바꿔야 합니다. 전쟁도 아닌 천재지변도 아닌데 .. 대여섯 명 죽은 사고도 아니고 ..,0,0
921,그럼 문을 닫던가,0,0
922,이태원 상가는 끝낫어 누가가노! 제정신이 아닌 사람은 가겟지,0,0
923,간판에 압사 ㄴㄴ 즐기자 걸고 장사했으면서  이제와서 ?,0,0
924,너무몰아가지말자. 굶어죽는다,0,1
925,"저거 얼마 못갈거라 봅니다.월세, 각종공과금, 인건비 지급을 하려하면 상인들은 다시금 현실을 깨닫고악착같이 돈을 벌려고 할 것이기 때문입니다. 돈이 약이겠지요...이태원의 번영을 기원합니다.",0,0
926,놀다가 객사한 분들은 나라에서 전사자 대우해주는데  이분들은 누가 책임지나요?,0,0
927,상인들 장사 못하게 되었다고 불만이 팽배한데. 이런 식으로 포장하네. 이태원 상인회에서 언론에 돈좀 썼네. 돈벌이에 눈돌아 가서는…,0,0
928,"문제는,",0,0
929,"무당 말 듣고 쓸데없이 관저 옮겨, 출퇴근 때마다 엄청난 양의 경찰인력을 빼가는 대통령에게 있는 겁니다!!!!!!!!",0,0
930,KBS가 적패다.,0,0
931,ㅂ?ㄴ화해처억으면양보,0,none
932,주적은북한,0,0
933,이태원 갈아없퍼려라.,0,0
934,"20대 젊은이들이 호떡, 쥐포, 육포가 되서 죽었다. 참 참담하고 침통하네요. 저도 호떡 엄청 좋아하는데 이태원이후론 호떡볼때마다 사망자들이 생각나서 못먹고 있어요.",0,none
935,네 안가요 문 닫으세요,0,0
936,잊지마세요 dont forget 이태원사지않겠습니다 가지 않겠습니다,0,0
937,저 꽃은 또 누가 치우냐 쇼 좀 그만들 쳐하시고 현실들을 쳐 사시길,0,0
938,경찰통제  검찰개혁경찰서 통폐합 인력감축직장협의회 폐지검찰사무 인력 재배치예산감축 특할비 감축내부 감찰  교육훈련,0,0
939,앞으로 축제나 예능프로 안했으면 하네요ㅠㅠ 이렇게 대참사가 일어났는데어떻게 웃음을 짓나요ㅠㅠ축제고 뭐고 싹다 문닫죠ㅠㅠ,0,0
940,"용산 자체가 사람 살만한 장소는 아니라고 생각해요발암물질 나오고, 인도나 차도같은 모든길이 다 좁은곳이에요 싸구려 동네 티나요",0,0
941,민주 노총 각시탈 잡아 넣는게 답임. 모든 민주 노총들은 감옥으로.한국은 언제 부터 할로윈을 찬양 했는지. 사마인이 였나.미국 보다 더 심하네.,0,none
942,이거봐 결국 또 피해는 같은 서민인 자영업자들 ㅋㅋㅋ 그저 감정적 정치병에 걸려서 ㅉㅉ ㅈㄹ들 좀 그만하고 니들 각자 인생이나 잘 살아 ㅡㅡ,0,1
943,KBS  니들도 정신 차려라!!검정리본 달고 있는 꼬라지 하고는!!!!,0,0
944,앙 노관심 ㅇㅅㅇ 캬캬캬캬,0,0
945,뭐여..,0,0
946,응 그냥 망해. 술집들 인생에 도움안됨,0,0
947,에지간히 태원 태원 이태원해라...질린다.술쳐먹고 놀러가서 사고난걸 뭐이리 계속 난리냐.나라가 계속 가스라이팅을 쳐하네,0,0
948,회복 어렵겠네. 윤석열 하나 때문에 많은 희생을 하다니,0,1
949,문 닫고 추모하는 척 하세요.  그래야 권리금 받고 나가지,0,0
950,미안합니다.,0,1
951,이태원...안간다,0,0
952,"이태원 뭐하러 가냐, 볼것도 없던데",0,0
953,근조리본도 못다는 kBS... 뭐하러 사는지..ㅉㅉ,0,0
954,입간판이나 치우세요,0,0
955,응 또 안가ㅋ,0,0
956,이글쓰면 분명히 나를 몰인정 하다고 개때처럼 달려드는 승냥이들  있겄지만 그걸 각오하고 쓴다 ㆍ 이태원 상인들 너무 걱정하진 말아라 이글보는 당신보다  비교불가일 정도로 경제적으로는 좋으니까 ㆍ 그곳서 장사하려면  전세 월세가  얼마인줄아냐?당신이  평생 벌어도 저곳 가게 못얻을걸?,0,0
957,왜이태원이 관광의 명소였지? 두번놀러가고.재수없어서 가기싫은 동네였는데.진짜니들끼리만들래?,0,0
958,상인들도 피해자다. 에휴,0,1
959,이태원에 모든 상점은 당연히 아니겠지만분명히 사고에 책임이 있는 가게도 있는거 아닌가?불법건출물 가건물이나 도로점유물 등최소한 상인회는 좀 반성해야 한다고 생각한다어쨌든 상인회 당신들이 일조한 축제 아닌가?제가 좀 잘못생각하는 거라면 말씀부탁드립니다,0,0
960,이게 다.. 민주당때문임... 각시탈보고 오시길,0,none
961,윤가 이사가서 기대한 음식점 장사도 안되고 집값도 떨어지나?  윤가가 청와대로 들어가라.,0,0
962,압사자들땜에 멀쩡한 상가가 피해입고 어휴죽어서까지 민폐냐,0,0
963,언제까지 이태원으로 감성팔이 할꺼냐?,0,0
964,이태원 장사꾼들은 좀 가게좀 닫아서 추모좀해라돈만 밝히지말고,0,0
965,제일 윗선의 책임자들은 아무런 죄책감없이 잘~ 지낸다는 ㅡㅡ,0,0
966,이태원이 없어질거 같다 나는 왠지..,0,0
967,이태원 상가 장사하시는 분들 국가에 손해배상 청구해도 할말없다..,0,1
968,말은  똑바로하시고요이태원  이미지  안좋은  동네인데,0,0
969,이태원 코로나 집단감염 터진 후에 저 동네가 아주 쑥대밭이 됬죠 곳곳에 임대 많이 붙혀있어요 임대료도 엄청 비싼데 임대자체가 없던 동네고 전 케나다 음식점이랑 파라과이 음식점에 묘한 맛에 빠져 가끔 사람없는 한가할때 이태원 음식점 갔었죠지금은 폐업했어요 코로나 영향이 크죠 특히 케밥집들이 많은데 그 중에 정말 친절한 터키사장님 가게만 가서 꼭 한개씩 팔아줬어요 이번 사건으로 저 동네가 다시 침울해지겠네요 저 동네랑 정말 안어울리네요 저 동네가 전국에서 가장 핫한 동네인데 말이죠 5년전 할로윈때 이태원 갔을때도 수십만명이 왔는데 단한명도 사망자가 없었습니다 정말 가슴이 아프네요 희생자분들 정말 말도 안되는 일이 생겼습니다 이건 수십년이 지나도 잊혀질 수가 없습니다용산구청장님 다음주에 옷 벗길 바랍니다,0,0
970,이번 정부 들어서 대체 1년도 안됐는데 계절 지날때마다 몇명이 죽어나가는거냐..,0,0
971,고인들은 안타깝지만 지원금은 가게문닫게한 상인들한테 줘야지 않냐??진짜 빡대가리들인가 저사람들은 뭔죄여,0,1
972,아 제발 그만;;;,0,0
973,언론아 슬픔강요 가스라이팅좀 어지간히해라….,0,0
974,다~~~이죄명 윤석열. 탓이다!,0,none
975,이래서 정부가 참사라고 불르지말라는거잖아 이미지 안좋아진다고 산사람은 살아야지,0,1
976,"현상으로 이슈만 촉발하고 대안없이 문제 제기만하는뉴스 불안한 심리만 자극하는 뉴스 ""미스티"" 드라마에서 나온 대본",0,0
977,이태원역 주변으로 상가 건물 전부 철거 해야 됩니다,0,0
978,서울 상가는 끝낫다 홍대도 사람많음 무서워 가긋나! 이렇게 이나라경제가 무너지겟구나 윤가뽑은 댓가다 서울서 많이 찍엇제 오세훈이랑! 나사는덴 아무런문제없으니 개안타,0,0
979,"""이태원 지겹다 그만 얘기하라""는 그쪽계열 짐승들 조만간 나타난다세월호때 그런식으로 덮었으니까",0,0
980,자영업자 니들이 윤가 찍어서 그래,0,0
981,이태원참사라는 명명부터 잘못이지.10.29참사라해야지.그리고 상가가 무슨 잘못이겠어요.또 다른 피해자들이지,0,1
982,싹밀고 재개발해라,0,0
983,이게 나라냐 국가 존재 이유가 뭔데 왜 우리가 세금을 내는데 국민을 지키지 못한 정권은 물러나라,0,1
984,"천공, 이병철, 각하, 윤석열, 법무부장관, 한동훈이 ....이태원 말아먹었네...아니 대한민국 말아먹고 있네",0,none
985,국민의힘 청소 안하면 이런일은 또 반복됩니다,0,none
986,지겹다,0,0
987,별것두 아닌걸 뉴스라고 ㅋㅋㅋㅋㅋㅋㅋㅋ,0,0
988,태초에.하나님이.천지를.창조하시니라.예수믿으세요안믿으면.지옥.,0,none
989,응 안가,0,0
990,KBS님 산 사람은 살아야죠 자꾸 슬픔 선동 마세요경제 망가져 다 죽는게 답입니까?,0,1
991,오세훈이 시장만 하면 용산에선 참사가 벌어지네...이태원참사의 첫번째 책임자는 오세훈 서울시장 그 다음이 경찰청장 그리고 용산구청장 .. 이셋은 영원히 공직에서 쫒아내야합니다,0,none
992,근조리본 똑바로 다세요!촛불집회 사실대로 보도하시고요~케이비에스 정신차리세요~국민의방송~~~이라면서요!,0,none
993,구청장 은   사퇴하라능력도안되면서  그자리에  외있노,0,none
994,왜 자꾸 시나리오를 쓰냐웃기고 자빠졌네,0,0
995,윤석열 한덕수 이상민 오세훈 박희영 윤희근말좀 해봐국가의 수도 한복판그것도 세계적으로 알려진 글로벌 관광명소라는 곳에서참사가 발생했는데책임없다고 ?,0,1
996,저게 문제가 아니라 탄핵 혁명이 젤 중요한데.복수해야지.죽게 만든 장본인이 대텅령이야. 정신차려.,0,0
997,무조건 공무원 짤라야지. 부산 불꽃축제는 100만이 몰린다. 그런데도 압사사고없어. 왜냐? 경찰 공무원들 전부 나와서 경광봉 들고 유도하거든... 그런데도 서울은 그런걸 안해? 왜? 세계에서 처음 이태원에서 축제한거거든.. 그치? 그래서 그런걸꺼야. 이 망할놈에 공무원들아.,0,none
998,누굴탓해ㆍ ㆍ그냥 운이없었고 ㆍ ㆍㆍ그냥 ㆍㆍ ㆍ재수가없을뿐이지 누가  ㆍ ㆍ죽을지상상이나했것습니까ㅡㅡ,0,none
999,이 모든 건 윤석열 김건희 오세훈이 책임져야 한다100%다 이것들 때뮨에일어난 거다,0,1
1000,지겨워죽겠네 고만좀떠들어라이태원,0,0
1001,한편으로는 드는생각이 지역인구는 소멸직전인데 수도권은 사람이 넘쳐흐르네 지역권에서 할로윈으로 인구가 모였다면 압사로 죽을 정도로 이런일이 일어났을까? 얼마나 정부가 생각이없는지 개탄스럽네이로써 윤석열 탄핵은 답이다,0,0
1002,천공은 웃고김건희는 웃고윤석열은 웃고희생자유가족은 울고촛불시민들은 울고 나도 울고,0,1
1003,이게다 윤무능자 탓입니다?사고가 나도 시스템 자체가첨부터 만들어지지 않아이런 큰 사고가 잇는겁니다굿당은? 전정권탓이나 하고 있고윤정부야  쪽팔리다?돈에 환장한 의원들....더이상 이런 비참한 사고는 나지 말아야 하고하지만...이번사고는  이제 시작일뿐?,0,1
1004,끔찍해서 갈수가 없어요...,0,0
1005,저기서 맛있는거 먹으머 웃으며 돌아다닐수 없다....,0,0
1006,"맘아파서,,",0,0
1007,이태원은 갈 수가없습니다..,0,0
1008,"저 곳이 다시 예전처럼 먹고 마시던 시절로 돌아가면 참사도 잊혀지고 사고는 다른 어딘가에서 또 난다. 상권 무너지는 건 안된 일이지만, 160명 가까이 원망스럽게 사람 죽은 곳에서 그러면 안된다.",0,0
1009,엄청난 번화가였던 동인천도 그 사건 이후 쇠락했는데 이태원도 같은 전철을 밟지 않을까 걱정되네요,0,1
1010,죄송합니다. 도와주지 못해서.. 근데 전 못 갈 거 같아요. 금요일이었지만 할로윈에 이태원을 갔던 저는 당분간은 힘들 거 같습니다. 힘내세요,0,0
1011,"그대들의 부모, 형제는 민주당의 스피커로 전락해 버렸구요... 꼭 꿈에서라도 나타나시어 그대들의 부모, 형제들을 타일러주십쇼....",0,0
1012,갠적인 생각이지만 이태원 상인회도 문제가 있어보임. 서울  울동네  전통시장 이벤트할때는 상인회가 나서서 일방통행으로 만들구 상인들이 교통정리하구 매년 그랬슴. 돈만 벌려구했지 안전은크게 신경 안쓴거같아.,0,0
1013,상인들만 불쌍하네 ㅠㅠ,0,1
1014,"가게주인분들도 힘드시겠어요,,.",0,1
1015,이태원 장사는  이젠 제로네  장사하는사람은 무슨죄아 나부터도이태원은 절대안갈거다,0,1
1016,이렇게 될걸 몰랐나? 지자체도 문제 였지만 여기 상인회도 한번 파야한다,0,0
1017,가능하면  가지 마세요위험한 곳은 피하는게  좋음,0,0
1018,진짜 상인들이 제일 불쌍하네,0,1
1019,지인이 사고지역에서 떨어진 이태원에서 밥집하는데 매출이 90%줄었다네요..,0,1
1020,이태원은 가고싶지 않음 ..알고 가려니 찝찝함 저 골목길을 막지 않는한 찝찝할거임,0,0
1021,"이태원 사람 솔직히 별로안다니긴했음. 할로윈때만 넘쳐났지.  이태원말고도 홍대, 사람많은곳엔 통제계속 했으면하는데...",0,0
1022,저기 다시는 가지마.  졷나 좁아가지고...영원히 유령 도시 만들어버려라 졷나 좁은곳,0,0
1023,사람이그리 죽었는데  귀신 나온다 누갸 가서 음식 먹겠냐 그리고  싹다 음식거리없애라  양심이 있으면,0,0
1024,사람이 이름도 사진도 없이 죽는것보다개가 더 우선인 세상성소수자도 사람인데 개가 더 우선인 세상,0,0
1025,인천 인현동은 사고이후 아직도 상권이 회복이 안된다,0,0
1026,국가에서 지원을 좀 해줘야할듯.... 저러다 저기 상권 다 망한다,0,1
1027,"외국인들이 갈 곳이 없겠네요. 우리나라 괞찮은 나라라고 유혹에 입국한 많은 외국분들에게 너무 미안하네요. 다시 독재국가로 변형되가는건가?  불안해 하는 마음에 대답해 줄 말이 없네요. 미안합니다 앞으로도 안전사고, 경찰, 공권력의 독재에는 좋아질꺼다 라는 가짜 희망을 드릴수 없어요. 나 자신도 언제 어디서 일회용품처럼 처리될까 두렵답니다.",0,1
1028,길가다가 사람이 압사당한 골목에 마약이니뭐니 이러는데 난 평생 가볼일도 없을듯 그전부터 마약이야기 나오는데 외국인에 트젠에 마약이야기까지 무섭지않은가?,0,0
1029,미안해요 이태원은 이제 못가겠어요....,0,0
1030,이태원 상권 어쩌냐 ㅠ,0,1
1031,150명의 시체가 쌓였던 곳에서 누가 밥을 먹고 싶겠음… 갔다가 귀신 붙어서 돌아오는 거 아닌가 모르겠음.,0,0
1032,낮에도 원래 사람이 많았나보네,0,none
1033,소잃고 외양간 보름만 지나면 다시 바글바글 걱정ㄴㄴ,0,0
1034,"천안함 46용사, 연평도 포격 때 휴가 떠나다 부대복귀한 2명의 장병이 전사했을때도 애도기간이 있었나?",0,none
1035,이태원 상점들이 무슨 죄여...,0,1
1036,사람들 죽어나간자리에서 밥이 넘어가기 힘들어서 조만간 이태원도 몰락할듯이태원클라쓰? 그건 이제 옛말임,0,0
1037,당연 그사건 이후 거기 간사람으 싸패지. .말같은 소릴,0,0
1038,배부른것들이나 애도타령이지 당장 먹고 살기 바쁜 사람들은 남에게 신경쓸 여력도 없다,0,0
1039,저리 많이 죽은데서 음식먹고 춤추는 사람들이 정상이라 할수업지.본보기로 저런 마을은 업어져야함.,0,0
1040,이태원 진짜 망했네 에휴,0,1
1041,대체 지들이 술쳐먹고 놀다뒤진걸 왜 지원금줌?상인들한테 주는게맞는거아니냐 발길끊겨서 매출도안나오는데,0,1
1042,"ㅋㅋㅋㅋㅋㅋ 죽음, 귀신, 타락의 도시에서 음식이 목구멍에 잘도 넘어가겠다 ㅋㅋ",0,0
1043,이태원 절때안갈듯...최소 1년은 사람없을것같다 할로윈장사는 뭐 이제 망했고,0,0
1044,어찌보면 이것도 참사 아닐까,0,1
1045,찝찝해서 가겠나...,0,0
1046,시간이약이야시간이지나면조금식조금식나아질꺼야,0,1
1047,산 사람은 살아야지 진짜 이게 뭐냐,0,1
1048,다른건 그만두고라도 동네가 지저분하고 낙후됐네요. 동남아필나네.,0,0
1049,그 분위기를 만든게 지금 지껄이고 있는 언론사 영향이 가장 큼,0,0
1050,환전소주인 나오는데저분 꽃팔고계시던데....물론 처음에는 무료로 나눠줬을수도있겠죠?,0,0
1051,어휴...어떻게 저기가서 웃고 놀수있겠어 젊은 청춘들이 그렇게 져버렸는데,0,0
1052,옛날부터 개판인 동네아니냐ㅋㅋㅋㅋ,0,0
1053,이번주엔 오랜만레 이태원이나 가 봐야겠다 .,0,1
1054,ㅋㅋ야 내년되면 ㅋㅋ 또. 사람바글바글 거릴꺼다 ㅋㅋ,0,0
1055,보름만 지나면 다시 와글와글,0,0
1056,홍대 강남 등 놀데많은데 머하러 떼죽음당한곳에서 노냐?,0,0
1057,연말되면 똑같아,0,0
1058,저기서 놀면 싸페지,0,0
1059,다 홍대로 피신함,0,0
1060,다 밀어 버리고 추모 공원 조성해라,0,0
1061,내년이면 다시 바글바글해질것,0,0
1062,누가가 사람 수백명 죽은 골목에 ㅋㅋ 곧 흉가촌 될듯,0,0
1063,원래 이태원 망해가고 있었는데 ㅋㅋ,0,0
1064,죽은 골목 바로옆 음식점 ㆍㆍㆍ넌 가서 밥 먹고 싶어지겠냐?,0,0
1065,이제 사람도 별로 없으니깐 좀 편하게 다니겠노,0,0
1066,가겠냐;;,0,0
1067,한국은 참 개그스러운 나라임 ㅋㅋ 저러고 저긴 안가고 다른데가서 희희낙낙거리면서 웃고 떠들고 마시고 할거아냐 ㅋㅋ,0,0
1068,이제 그골목은 귀신이버글버글하겟노,0,0
1069,인명사고난 골목..가게주인들  문만 열어주어도 이런참사는 발생하지 않았다!이놈새끼들 가게 못들어오게 문걸어 잠구고이태원 가지말자! 유령도시 되게끔하자!,0,0
1070,"그날 참사에 대통령이 직접적 책임은 없지만 용산집무실을 조성하면서 기존 광화문ㆍ종로중심 경찰력이 갑자기 준비도 안된 상태에서 용산으로 이동시키면서 용산서가 한남동 대사관 지역과 용산 대통령 집무실에 경찰력을 집중시키게 만들었으므로 (하필 그날 삼각지에 시위대도 있었음) 이태원 참사에  있어 인과관계를 제공하긴 했으므로 이에 대한 대국민사과담화문 정도는 발표했어야 하는데 전혀 그러지 않고 있는 건 문제고 비정상이다.책임져야 할 사람이라면 행안부장관, 용산구청장, 용산경찰서장인데 이 또한 당사자들은 비겁하고 뻔뻔하게도 리더, 공직자답지 못한 모습만 보이고 있고 심지어 대통령이란 인간은 그걸 감싸주고 있으니 국민의 대통령인지 그저 검찰과 자기사람들만의 대통령인지 도대체가 알 수 없는 상태다.여당이면서 저런 사람을 대통령으로 추대한 국민의 힘이라도 책임있고 상식적인 모습을 보여야 하는데 세월호 때나 지금이나 무능하고 무책임하고 뻔뻔한 모습은 한결같으니 이 나라는 현재 대통령도, 리더도, 여당도 없는 상황이다.",0,0
1071,그래봤자 좀만지나면 sns허세인스타충들 또 한컷찍으러 다님ㅋㅋ,0,0
1072,이태원자체가망해서없어졌으면좋겠다,0,0
1073,죄 없는 상인들은 무슨 죄냐..,0,1
1074,천막치고세월호처럼 하면상권다끝났다고바야지,0,0
1075,너같음 가서 밥이 넘어가겠니,0,0
1076,아니 산사람은 살아야 될꺼 아니여 다같이 죽자는건지... 경제를 살려야지 죽여버리면 되나? 머라도 해서 다시 이태원가도록 해야지..,0,1
1077,귀신의 거리가 됐는데 어떻게 가냐,0,0
1078,"누가 가냐? 찝찝하구, 가서 술 마시구 놀아봐야 미친 놈 적폐로 낙인 찍힐텐데... 누가 가냐? 상권작살 초읽기.",0,0
1079,응 길어야 두달이야,0,0
1080,크리스마스때 사람들 활개칠듯;;,0,0
1081,ㅋㅋㅋ,0,0
1082,적당히 쳐 해 ㅋㅋ,0,0
1083,이태원 갈사람?,0,0
1084,이저딱,0,0
1085,공식 애도기간 주랄하고있네,0,0
1086,"참 뭐라할말이없네. 쩝""그저 정부와 경찰만원망할 뿐.",0,0
1087,유가족들 피해자 코스프레하지말고 진짜 피해자인 이태원 자영업자들 찾아뵈서 사비로 영업손실비용 보상해주고 사죄드려라 !!! 자식놈들 이태원 가는거 못막은 잘못은 치뤄야지 ? 나라가 책임질게 아니고 유가족 니들이 책임져야지 ?,0,0
1088,이김에 이태원은 그만 없애자.모든게 저 동네 때문에 엉망이 된듯,0,0
1089,"아직 참사의 진상이 밝혀지지 않았는데 이런 뉴스자체가 불편합니다. 시간이 지나야 하지 않습니까?? 뉴스의 논조가 응근슬쩍 슬퍼만하면 또 누군가는 피해본다는 여론을 조장하고 싶은 거네요.참, 이 상황에도 어용언론의 책무를 다하고 있는 채널A .검사들처럼 무서워 지려고 하네요!!!",0,0
1090,코로나 풀려서 이제나  살게되나싶었을건데ㆍ안타깝네요이태원 상가주민들이  무슨 죄인가요,0,0
1091,이제 그만하고 자신에 맞는 삶.더이상 대한민국 국민들 힘들게 하지마.,0,0
1092,그래서 저 쓰레기들은 누가 다 치우나요??,0,0
1093,상권 살리겠다고 ㅋ,0,0
1094,이태원 거대한 놀이공원이나 백화점 만들던지 영화관만들어서 이미지 변신해보시면 어떨까요?,0,0
1095,이태원은 다시는 안갈듯,0,0
1096,세월호 프레임. 젊은이들의 안타까운 죽음을 정략적으로 이용하려는 정계.,0,0
1097,추모자 따로 노는자 따로다시 이태원 내년 할로윈은 어쩔껀가?또 술드시고 귀신놀이 하시겠지?다시 이태원....,0,0
1098,진짜 할로윈데이 돼버림,0,0
1099,에휴 점주들이 무슨 잘못이냐 저런 분위기와 정서가 확산되면 오히려 장사하려는 곳은 욕먹게 되겠지,0,1
1100,1. 앞으로 이태원 할로윈 축제의 경우 밤 12시 이후 영업제한 또는 주류판매 금지 등도 함께 추진해야 합니다. 2. 우리나라 이태원할로윈은 술 마시고 다수가 모여있기에 어느 안전사고외에 범죄에도 영향을 줄 수 밖에 없으니 축제기간에는 밤 12시 이후 주류판매 금지하고 압사사고 외에 주취자들로 인한 또 다른 안전사고 예방도 해야합니다.,0,0
1101,제발좀 저기 언덕 삼거리에 있는 가게들 인지좀 해야됩니다. 인원 꽉찼으면 대기명단 작성하고 따로 연락을 하던가 하지.  가게 안에 자리 다꽉찼는데도 계속 받으려고 좁은골목에 손님들 줄세워놓는 가게 업장들도 문제입니다. 줄 기다리느라 서있는사람들은 뒤로가라고 해도 안가겠죠.,0,0
1102,현실적으로 애도를 하기 싫어도 영업을 못하니까 어쩔수 없이한다고 하는거지...사람 안올거 뻔히 보이니까..팬스쳐있는데 장사를 하겠나...말은 저렇게 해도 장사못해서 죽을라 하겠지자영업자는 그냥 피해보는거지,0,0
1103,진짜 내가 장사하는 사람이라도 이런일 생기면 무조건 트리우마 생기지,0,1
1104,상인들은 무슨 죕니까... 코로나때 힘들었을분들인데...이제 해보시나 했더니 사고때문에;.....,0,1
1105,정말 안타깝긴한데 나라위해 희생한 군인이나 유공자 참전용사 분들한테나 보상을 해주지 놀다 죽은 사람들을 왜 보상해주냐 눈치보여서 보상해주는것 같아서 더 악랄하다 자영업 하는분들은 무슨죄냐 하루만 영업 안해도 손실이 클텐데 에휴..,0,1
1106,아니 상인들이 무슨죄라고 댓글들이 이러지?이해가 안간다.회사에서 누가 투신자살하면 너네는 월급 안받니? 별 병신같은 것들이 핀트를 이상하게 잡네,0,1
1107,애도를 해도 장사를 하면서 애도를해야지뭔 가족이 죽은것도 아닌데 누구죽으면 직장 안나가고 애도하는게 맞는거임?일은 일이고 애도는 애도지자발적으로 문닫은 사람도 있겠지만분위기상 어쩔수 없이 문닫는 상인들도 많겠네장사하면 욕먹을까봐본인들이 나서서 사람 죽인것도 아닌데상인들도 안됐네,0,1
1108,인터뷰 한 일반 상점 점주들이 문 닫을게 아니라..사건 원인제공한 클럽하고 술집들이 문 닫아야지..,0,0
1109,고인이된분들이나 그주변사람들을 조롱하거나 욕하는 사람들은 평소에 사람인척 다니는것들일텐데 정신차려라,0,0
1110,하루라도 장사안하면 타격이 클텐데…..,0,1
1111,들어오지 말라고 막아버린 클럽이나 상인이나 ‘압사 ㄴㄴ 즐겁게 놀자’ 라는 ㅂ신같은 문구를 띄우는 클럽이나 구급차와 경찰들이 즐비한데도 노래 빵빵트는 술집들이 즐비한걸 봤는데 왜 피해자 트라우마 코스프레임? 그때 심각성 파악하고 도와주진 못할망정 이제와서 ㅋㅋ,0,0
1112,이제 산사람까지 죽겠네.....간사람은 간거고 산사람은 살아야하는데 ...,0,0
1113,못가게 차단을 하는데..영업을 중단할수 밖에..사람들이 죽어나갔는데..오겠니..?..,0,0
1114,이곳도 이젠  변화가 필요할 시점,0,0
1115,업주만 불쌍하네욤,0,1
1116,어떻게 해서든 남탓하려고하는거 킹받네 지들이 좋다고 놀러나와서 이승하직한걸 왜 주변 상인들이 피해보고 욕먹어야되냐피해보는 상인들 지원금 주는것도아니고놀다가 뒤진놈들한테 지원금주는건 또 뭐지 ㄹㅇ,0,1
1117,아이고;; 저긴 앞으로 어쩌냐 ㅠㅠ 날벼락도 ㅜㅜ 이제 겨우 잘되니 싶더니.,0,1
1118,"이번 압사사고를.비롯 코로나때 집단 감염의 온상, 이태원 살인사건 발생장소 100미터 거리.... 항상 사건 사고가 끊이지 않는곳....",0,0
1119,그래도 이태원 나름 클럽들도 많고 그런곳 인데 이제 좀 뭐랄까 ... 앞으로 뭔가 거기서 이제 그러기 좀 힘들 것 같은 느낌...?,0,0
1120,정부 왜이러냐 대처방법이 이것밖에 없음?,0,1
1121,"원래 자영업자 편은 아닌데...그럼에도 저 동네에서 장사하는 사람들 진짜 운 없는 듯한게,나름 트렌드를 잡아서 상권을 위기때 마다 살려 놓으면 뭔가 터지네 그냥...미군들 물러나서 뭐 운좋게 당시 헬러윈이나,세계음식 이런 걸로 유명세를 티워서 경리단길 이러니까코로나 터지고...이에 코로나 이후에 헬러윈으로 재미를 보려고 하니 대형사고가 터저서 저러니애초에 행사주체도 없었고,또한 이게 우리가 영미문화권의 영향을 받았지만 사실 기본적인 문화권 자체는 달라서 애초 행정기관이나 경찰의 경비를 세울 근거가 부족했었는데,지금 언론에서 떠드는 프레임이이걸 국가가 잘못했다는 프레임만 잡길 바라는 듯한 논조여서 저 자영업자들은 중간에 낀 등터지는 새우 입장이거든 더구나 요즘 사회풍토가 슬픔 자체를 너무 강요하는 느낌도큰데,이런 사고 터졌을때 그거에 편승하지 못하면 눈치없다고 공격받기 쉽고,또 크게 이해를 해서 유족들이 그걸 강요를 하면 그나마 유족분들은 당사자니 그래도 그 주장에 이해나 수긍이라도 하겠지만...이건뭐 유족들과 관계가 없는 제3자들이 더 날뛰니까 그게 심각하다는 거지...그런 사람들 주장이 말로는 유족들이나 피해자들 위한다고 하는데,정작 이런 사람들이 문제의 본질을 심각하게 흐린다는 거임",0,1
1122,나라가 미쳐 돌아가지요~,0,0
1123,댓글 진짜 너무 역하다...어우......이태원때 일부러 민 사람들이나 얘들이나,0,0
1124,나 같아도 죄책감 즐어서 못나가겠다,0,0
1125,앞으로는 모르겠지만 지금 당장은 장사도 안 될테니 쉬는건 맞지,0,0
1126,이태원은 옛날부터 무법지대엿음 저기 그냥 싹 청소해야함 가게고 머고,0,0
1127,영업중단을 떠나서 트라우마생기는 업주도 있을듯.,0,1
1128,폴리스라인때매 일반인 진입도 안되지않아요?,0,0
1129,상인들 자체적으로 행사때는  행인들  교통안전 실시하셔야겠네요. 세금 냈어도 이 사태에  혐지역 됐으니말입니다.  누구나 당할 수있는 사태여서 더 화가 납니다.!!,0,0
1130,이태원은 재개발 재건축 해라. 유동성 많은곳이 좁은 골목이 있으니 ..,0,0
1131,"자기네들 끼리 놀다 최악의 상황 을 만들어버림 ""할로윈파티 즐기러나왓다 압사당해 사망 사망자160명"" 국가의 날도 아닌 그저 우리들의날 자기네들의 날 죽은걸 애도까지해야됨??? 왜 피해를 봐야하는거지??",0,0
1132,이 사건이 한국 정부의 문제는 아니다. (한국 정부의 모든 것을 옹호하려는 것은 아니다.),0,0
1133,"한국인들의 시민의식이 높았다면, 사상자가 100명 이상으로 극대화되진 않았을 것이다.",0,0
1134,"하지만 사건 당시 영상을 보면, 사람들은 멀뚱멀뚱 뭘 해야할지 몰라 가만히 서 있을 뿐이다.",0,0
1135,"바깥에서부터 꺼낼 수 있는 사람부터 하나씩 꺼내서 틈을 만들었어야 하는데,",0,0
1136,"밑에 깔린 사람부터 억지로 꺼내려고 하니,",0,0
1137,"구조 시간도 지연되었고, 피해자가 더 늘어났다.",0,0
1138,그곳에 갇힌 사람들은 어떻게든 되겠지 하는 생각으로 그냥 가만히 서 있기만 했다.,0,0
1139,이 사태가 발생할 것을 누가 예측할 수 있었겠는가?,0,0
1140,사태가 발생하고나서 이렇게 했어야지 하는 식의 말은 쉽다.,0,0
1141,그러니까 그런 식의 말을 하는 것 자체가 이미 시민의식이 터무니 없이 낮다는 걸 반증한다.,0,0
1142,다들 아무 생각이 없다고 해도 과언이 아니다.,0,0
1143,"그렇게 잘 알았다면, 왜 사태를 미연에 예방하기 위해 아무것도 거들지 않았는가?",0,0
1144,"결과가 나오고나서 비판을 하는 건, 누구나 할 수 있는 쉬운 일이다.",0,0
1145,점주들 어쩌냐...,0,1
1146,"거리두기 해제에 좋았겠지,,더와라,더와라,,ㅋㅋ 그러다   저꼴남,,,",0,0
1147,시간 지나면 언제 그랬냐듯이 바글바글 될듯,0,0
1148,장사는 하게해줘야지 왜 상주가 피해를보나,0,1
1149,안내문 아래에 '이태원연합회'라고 적힌걸로 봐서는 자발적으로 휴업하는건 아닌가본데?,0,0
1150,진짜 시발 이런 일 안일어났으면 좋겠는데 시발,0,0
1151,손배 청구하는거는 설마 아니겟죠?,0,0
1152,장사하면 네크로맨서들이 마녀사냥 지대로 할텐데 이참에 걍 휴가 갔다오는게 낫지 ㅇㅇ,0,0
1153,상인들 불쌍하긴하다 가만히 일하다 놀러온사람들때매 피해봄ㅋㅋ,0,1
1154,이제 이태원은 장사끝이다.특히 와이키키 여긴 폐업준비해샤됨,0,0
1155,벌만큼 벌었으니 몇일 쉬어도 됬겠군,0,0
1156,저기 밥집에 술집이 한두개가있는데 누가 150명죽은거리에 가냐 하..,0,0
1157,사고당시 오픈해서 사람들좀 분산 시키지..이태원에서 장사는 걸렀다..앞으로 땅값도 폭락,0,0
1158,와이키키랑 증축불법술집은 갔더니 신분증검사안하던데?거기다 사람들들어가려고하니가 막아서던데 영업정지가아니라 해당업소에대해 강력하게 가게철거문구가 맞지않을가싶음,0,0
1159,저 가게 앞에 노상테이블 깔고 영업했던데??그거때문에 길 더 좁아진거 아닌가?,0,0
1160,내년에 고인들 따라하는 코스프레 하는것들 있을거임 ㅡㅡ,0,0
1161,진작에 음악소리좀 끄지 그랬어요... 구조대 왔을때 충분히 그럴 수 있었잖아요..,0,0
1162,이러면 뭐하나  홍대에서 할로윈 하더만,0,0
1163,이태원이 망하려나보네연이어 저러는 거 보니,0,0
1164,자발적?,0,0
1165,못들어오게 문걸어 잠굴땐 언제고ㅋ,0,0
1166,"아 진짜 역겹네ㅋㅋ 애초에 즐기러 간사람들을 무슨 우리 잘못마냥 애도 강요하고 난리냐; 하루종일 뉴스에, 상인들도 눈치 줘, 경찰, 소방관분들 욕해 , 세금으로 지원금 줘 하 진짜 제발 1절만요  ..........젊은 나이에 죽은건 안타까운데 왜캐 강요 처함 ㅅㅂ 알아서 애도 쳐하겠지",0,0
1167,뭔...그냥 장사하면되지,0,1
1168,어차피 장사 안될텐데 문 연 의미도 없으니 ㅋㅋㅋㅋㅋㅋㅋㅋㅋㅋㅋㅋㅋㅋㅋㅋㅋㅋ,0,0
1169,이 와중에도 또 경찰병력 집중시키는 집회하겠다는 인간들은 뭐지,0,0
1170,ㅋㅋ이태원 3개월간 유령도시 됨,0,0
1171,상인들 불법  영업은 다했겠지. 이제와서 착한척 오질게 하네,0,0
1172,"이젠 이태원 상권은 영원한 나락임. 한국의 암덩어리 그 자제가 됨. 코로나사건, 압사테러사건. 이  2개로 망할것이다.",0,0
1173,당연히 해야지 장난하냐???? 니들 잘못도 있어~~^^,0,0
1174,사고지 점주들한테도 보상해줘야됨 이건;,0,1
1175,사람죽고 난리가 났는데 음악 크게 틀어놓은 가게들 보며 이태원 정말 싫다.,0,0
1176,이태원은 뭔가 터가안좋네살인사건에 이번 참사까지  ㅠ,0,0
1177,서울 양아치들의 밤거리문화 때문에 소상공인들만 피해보네,0,1
1178,애도하면  고인들이 살아돌아오냐?,0,0
1179,다... 잠깐임 여론에서 떠들고 핫한 뉴스니까 함께하는척 깨어있는 시민인척 조두순도 나오니까 욕하고 걱정하고 뭐 이런거지 지금 조두순 신경이나 씀? 할거면 제대로 하라고 남들 난리 니까 잠깐 우리도 잠잠해질때까지 동참 깨어 있는 시민입니다.. 뭐 이딴거 하지 말고,0,0
1180,ㅇ런 기러기 기사 싫어합니다.선동 그만하세요!,0,0
1181,"키보드, 스마트폰 이제 그만 만지고 조용히 있자. 애도하라고 하네~이글만 쓰고 애도하련다.난 기독교인이라 명복을 비는건 불교윤회론이라 거절한다. 낙원이나 음부에 있겠지. 유족에게 위로를 전할뿐이다.객관적으로 놀러갔다. 놀러간 사람 너무 많았다. 인파속에서 껴서 이리저리 의지대로 못갔다. 넘어졌다. 죽었다. 인구절벽이라는데 여기서는 사람이 정말 많았다. 이건 후진국형 참사다. 질서 없나??? 앞서 사람 많은데 모이는데 꼭 거길 가야하나??? 우회하는 방법은 없었나??? 설마 했겠지 지 죽을줄 몰랐지.그냥 한마디로 요약하면놀러갔는데 죽은거다.우리나라 시체팔이 치트키다.놀러가서 죽은 사람 백여명 나오니깐 장례비,  치료비, 위로금 준단다. 이거 국민혈세다. 놀러가서 어찌어찌 죽으면 국가에서 돈잔치한다. 원인규명한다는데 압사는 쓰러진사람이 다시 사람 쓰려뜨려 서로 죽이는것이다. 고로 압사당한 사람들 자체가 가해자고 누가 밀어밀어 했다는데 얘네들 못잡는다. 어디 가해자 특정하려는 움직임 보이는데 절대 못잡는다. 이미 죽었기 때문에~제 3자는 이성적으로 보자. 그래 유족들 불쌍하고 죽은애들 불쌍하지. 그래서 그러고 끝인가??? 재발하지 않게 해야지 이성적으로!",0,0
1182,스피커 뻥뻥 터트려서 죽이고 불쌍하다고?나쁜놈들 어차피 돈 안되니깐 문 닫는거지,0,0
1183,이태원 상인회는  이태원 찾아오는고객들이 많은걸 알면서도아무런 대책도 없었나?상인회에서 자발적으로안전요원 고용해야지,0,0
1184,세월호급 이태원 참사,0,0
1185,쥴리의 나라에선 별거 아니다,0,0
1186,행안부 장관이 그렇게 말했다,0,0
1187,아침에 추모하려고 갓는데 황당한건사람이 죽었는데 건너편 식당에서 웃음소리 들리면서 만석이더라 대부분 외국인이고남의 나라라고 무시하는건지 진짜 저 나라는 저래서 후진국이구나 라는 생각도 들고 생각자체가 있는것들인지도 의문스럽다.,0,0
1188,저 상권은 이제 끝이다,0,0
1189,자의적이아니라 타의적으로 밖에 닫을수밖에없는 분위기가 형성되는구만ㅋㅋ장사하는가게는 매장시킬꺼면서뭘 ㅋㅋㅋㅋㅋㅋㅋㅋㅋㅋㅋ철없는애들 몇뒤졌다고 장사를 왜접는데대체 진짜,0,1
1190,늙은 인간들 많은 채널이라 그런가 사람 목숨보다 월세가 더 중요한가보네 여긴 ㅋㅋㅋㅋ,0,0
1191,"아닌데, 자영업자는 사람 아니라는 말로 들립니다.",0,1
1192,잘 되는 집은 잘 되던데....,0,0
1193,순국선열을 기리는 애도기간입니까??? 세월호 참사보다 더 한거 같은 기분,0,0
1194,이번참에 이태원 거리를. 없에 버리자,0,0
1195,"모든 행사,축제,집회를 금년말까지 하지말고, 망년회, 산악회, 동창회 등 사적 모임도 자제하고 세일행사 등 떠들썩한 행사도 금년말까지 하지맙시다. 고인에 대한 애도를 이어갑시다",0,0
1196,이 시국에 돈벌생각하다니 제정신이 아니네. 이번 연말까지 애도합시다. 술마시고 노래부르고 자제해주세요.,0,0
1197,"원금 7000만원에 금리 년1.5%, 7년이면 만기되면 이자로 빠지는 돈만 750만원 가량 되는데 상인들이 그 돈을 갚을 수 있을련지 의문이네.",0,0
1198,일이 이상한 방향으로 흘러가는군?,0,0
1199,위로금 다 압수해서 소상공인들 줘야된다.. 그리고 이제좀 싹다 치우자 뭐가 자랑이라고,0,1
1200,게다가 대출 ㅋㅋ 결국 빚만 늘리겠다는거지,0,0
1201,대출 ㅋㅋㅋㅋㅋ,0,0
1202,재발방지   안전대책 책임자처벌이   먼저아니냐?,0,0
1203,국민혈세로 다 돕자.,0,1
1204,진짜 한심한 정부,0,0
1205,대출받아서 이태원 탈출하시길 ㅎㅎ,0,0
1206,이..제..와..서?,0,0
1207,결국 대출해준다는거 밖에 없네 ㅋㅋㅋ하나마나 한거 아닌가 ㅋㅋㅋ,0,1
1208,저기 평소 없어 원래,0,0
1209,피해자 지원해줘도 욕하는사람있을판에 웬 상인들...?,0,0
1210,????...,0,0
1211,이태원 상인들까지 세금으로 돈준다고 ㅋㅋ이태원 주민들 다줘야 ...,0,0
1212,윤석렬때문에 가나한테 졌다,0,none
1213,지원을 왜 해주냐,0,0
1214,아휴돈낭비오지네진짜ㅡㅡ,0,0
1215,말같지도않은 대출이 무슨 지원이냐 코로나때부터 자꾸 대출지원해주는데 지금 그 대출때문에 문 못닫고 있는 자영업자들이 한둘 아니다 개 무능한 정부,0,1
1216,돈이 썩었다,0,0
1217,세금이 썩어 도냐! 당시 방송 못봣냐! 경찰이 인파 속에서 그렇게 모이지 말라고 해도  장사하는데 재수없다는식으로 비아냥 거린이들도 있었다는거....사망자 유족들을 도우는거는 몰라도 상인들을 왜 도와줘?,0,0
1218,상인 왜 지원해주냐 ㅋㅋㅋㅋㅋㅋ석열이 정부 답 없네,0,0
1219,세월호랑  똑같이가네  내년쯤  또 피해보상하라고할거고  뻔한 스토리,0,0
1220,국민혈세로 다 때우려고하네,0,0
1221,제2  세월호  가는구만,0,0
1222,피해자는 ㅎㅎㅎㅎ 미친 정부다,0,0
1223,갑자기 왠 상인?????,0,0
1224,다는 아니지만 해수욕장에 가면 시즌때는 상가회에서 질서 및 안전을 위해 알바생들을 고용하기도 한다. 그런데 이태원은 뭘 했는가. 사건이 터진 와 중에도 술을 팔고 음악을 틀고.....최소한 이태원 상가연합회 같은 곳에서 아니 매장들이 자발적으로 인원 제한 및 안전에 대한 조치를 최소한이라도 했어야 하는 것이 아닌가. 공권력에 책임을 다 돌린다면 만약 그 공권력이 안전에 대한 강한 제재를 한다면 어떻게 할 것인가...,0,0
1225,이태원사고의 가장 원인제공한인간들이 이태원 상가들이야. 그냥 꺼져라 뭐또 얻을게없는가?  지날들이냐,0,0
1226,조작사건에 왜  이태원만   지원하나,0,0
1227,관리 못한 국회의원 들 돈으로 하세요~  억대연봉 받는 국회의원분들아 왜 혈세로 장난질?,0,0
1228,금리는 왜 내려줘야하는거임? 돈줄 건수만 기다리고 있었다는 느낌이 드네,0,0
1229,언제부터 대출이 지원이라는 뜻으로 바뀐거지?,0,1
1230,헐 ~~  오이려 책임이 있는건 아닌지 조사해야지.,0,0
1231,아니 왜???,0,0
1232,160명 가까이 죽엇으면 흉가터도 그런 흉가터도 없지..무서워서 못가것다.,0,0
1233,소잃고 외양간 고치는 소리같다,0,0
1234,반면에 홍대로 우르르.....,0,0
1235,돈으로만 막는구나 ㅋㅋㅋ,0,0
1236,뭔말이야? 재난 지원금 줄 곳이 이태원 뿐인가?,0,0
1237,다 퍼줘라,0,0
1238,사람들 죽어가는거 보고도 자기 가게에 피해끼칠까 못들어오게 막은게 저 이태원 상인들 아니냐 ? 자업자득이지 무슨 지원을 해주고 대출을 해줘,0,0
1239,다시하지마새요,0,0
1240,그냥줘라~또빌려주냐~~,0,0
1241,국민들을 개ㆍ돼지로 생각하니..사료(돈)만주면 조용해진다 생각하는듯..,0,0
1242,자꾸 이 개 거지같은 대출해주는게 진짜 지원이냐? 실질적인 방안을 내놓으라고 코로나때 지원금이 아니라 그냥 대출만 쳐 퍼주고 그게 지원이냐?,0,0
